URL,job_title,level,country,data_exists
https://www.levels.fyi/en-gb/t/sales/locations/australia,Sales,All,Australia,Data available
https://www.levels.fyi/en-gb/t/sales/levels/entry-level/locations/australia,Sales,Entry-Level,Australia,No data available
https://www.levels.fyi/en-gb/t/sales/levels/senior/locations/australia,Sales,Senior,Australia,No data available
https://www.levels.fyi/en-gb/t/founder/locations/australia,Founder,All,Australia,No data available
https://www.levels.fyi/en-gb/t/founder/levels/entry-level/locations/australia,Founder,Entry-Level,Australia,No data available
https://www.levels.fyi/en-gb/t/founder/levels/senior/locations/australia,Founder,Senior,Australia,No data available
https://www.levels.fyi/en-gb/t/product-design-manager/locations/australia,Product Design Manager,All,Australia,Data available
https://www.levels.fyi/en-gb/t/product-design-manager/levels/entry-level/locations/australia,Product Design Manager,Entry-Level,Australia,No data available
https://www.levels.fyi/en-gb/t/product-design-manager/levels/senior/locations/australia,Product Design Manager,Senior,Australia,Data available
https://www.levels.fyi/en-gb/t/chief-of-staff/locations/australia,Chief Of Staff,All,Australia,Data available
https://www.levels.fyi/en-gb/t/chief-of-staff/levels/entry-level/locations/australia,Chief Of Staff,Entry-Level,Australia,No data available
https://www.levels.fyi/en-gb/t/chief-of-staff/levels/senior/locations/australia,Chief Of Staff,Senior,Australia,No data available
https://www.levels.fyi/en-gb/t/electrical-engineer/locations/australia,Electrical Engineer,All,Australia,Data available
https://www.levels.fyi/en-gb/t/electrical-engineer/levels/entry-level/locations/australia,Electrical Engineer,Entry-Level,Australia,No data available
https://www.levels.fyi/en-gb/t/electrical-engineer/levels/senior/locations/australia,Electrical Engineer,Senior,Australia,No data available
https://www.levels.fyi/en-gb/t/copywriter/locations/australia,Copywriter,All,Australia,No data available
https://www.levels.fyi/en-gb/t/copywriter/levels/entry-level/locations/australia,Copywriter,Entry-Level,Australia,No data available
https://www.levels.fyi/en-gb/t/copywriter/levels/senior/locations/australia,Copywriter,Senior,Australia,No data available
https://www.levels.fyi/en-gb/t/data-science-manager/locations/australia,Data Science Manager,All,Australia,Data available
https://www.levels.fyi/en-gb/t/data-science-manager/levels/entry-level/locations/australia,Data Science Manager,Entry-Level,Australia,No data available
https://www.levels.fyi/en-gb/t/data-science-manager/levels/senior/locations/australia,Data Science Manager,Senior,Australia,Data available
https://www.levels.fyi/en-gb/t/trust-and-safety/locations/australia,Trust And Safety,All,Australia,No data available
https://www.levels.fyi/en-gb/t/trust-and-safety/levels/entry-level/locations/australia,Trust And Safety,Entry-Level,Australia,No data available
https://www.levels.fyi/en-gb/t/trust-and-safety/levels/senior/locations/australia,Trust And Safety,Senior,Australia,No data available
https://www.levels.fyi/en-gb/t/sales-enablement/locations/australia,Sales Enablement,All,Australia,No data available
https://www.levels.fyi/en-gb/t/sales-enablement/levels/entry-level/locations/australia,Sales Enablement,Entry-Level,Australia,No data available
https://www.levels.fyi/en-gb/t/sales-enablement/levels/senior/locations/australia,Sales Enablement,Senior,Australia,No data available
https://www.levels.fyi/en-gb/t/aerospace-engineer/locations/australia,Aerospace Engineer,All,Australia,No data available
https://www.levels.fyi/en-gb/t/aerospace-engineer/levels/entry-level/locations/australia,Aerospace Engineer,Entry-Level,Australia,No data available
https://www.levels.fyi/en-gb/t/aerospace-engineer/levels/senior/locations/australia,Aerospace Engineer,Senior,Australia,No data available
https://www.levels.fyi/en-gb/t/actuary/locations/australia,Actuary,All,Australia,Data available
https://www.levels.fyi/en-gb/t/actuary/levels/entry-level/locations/australia,Actuary,Entry-Level,Australia,No data available
https://www.levels.fyi/en-gb/t/actuary/levels/senior/locations/australia,Actuary,Senior,Australia,No data available
https://www.levels.fyi/en-gb/t/data-analyst/locations/australia,Data Analyst,All,Australia,Data available
https://www.levels.fyi/en-gb/t/data-analyst/levels/entry-level/locations/australia,Data Analyst,Entry-Level,Australia,Data available
https://www.levels.fyi/en-gb/t/data-analyst/levels/senior/locations/australia,Data Analyst,Senior,Australia,Data available
https://www.levels.fyi/en-gb/t/financial-analyst/locations/australia,Financial Analyst,All,Australia,Data available
https://www.levels.fyi/en-gb/t/financial-analyst/levels/entry-level/locations/australia,Financial Analyst,Entry-Level,Australia,Data available
https://www.levels.fyi/en-gb/t/financial-analyst/levels/senior/locations/australia,Financial Analyst,Senior,Australia,Data available
https://www.levels.fyi/en-gb/t/civil-engineer/locations/australia,Civil Engineer,All,Australia,Data available
https://www.levels.fyi/en-gb/t/civil-engineer/levels/entry-level/locations/australia,Civil Engineer,Entry-Level,Australia,Data available
https://www.levels.fyi/en-gb/t/civil-engineer/levels/senior/locations/australia,Civil Engineer,Senior,Australia,Data available
https://www.levels.fyi/en-gb/t/materials-engineer/locations/australia,Materials Engineer,All,Australia,No data available
https://www.levels.fyi/en-gb/t/materials-engineer/levels/entry-level/locations/australia,Materials Engineer,Entry-Level,Australia,No data available
https://www.levels.fyi/en-gb/t/materials-engineer/levels/senior/locations/australia,Materials Engineer,Senior,Australia,No data available
https://www.levels.fyi/en-gb/t/technical-writer/locations/australia,Technical Writer,All,Australia,Data available
https://www.levels.fyi/en-gb/t/technical-writer/levels/entry-level/locations/australia,Technical Writer,Entry-Level,Australia,No data available
https://www.levels.fyi/en-gb/t/technical-writer/levels/senior/locations/australia,Technical Writer,Senior,Australia,No data available
https://www.levels.fyi/en-gb/t/marketing/locations/australia,Marketing,All,Australia,Data available
https://www.levels.fyi/en-gb/t/marketing/levels/entry-level/locations/australia,Marketing,Entry-Level,Australia,No data available
https://www.levels.fyi/en-gb/t/marketing/levels/senior/locations/australia,Marketing,Senior,Australia,No data available
https://www.levels.fyi/en-gb/t/bizops-manager/locations/australia,Bizops Manager,All,Australia,Data available
https://www.levels.fyi/en-gb/t/bizops-manager/levels/entry-level/locations/australia,Bizops Manager,Entry-Level,Australia,No data available
https://www.levels.fyi/en-gb/t/bizops-manager/levels/senior/locations/australia,Bizops Manager,Senior,Australia,Data available
https://www.levels.fyi/en-gb/t/mechanical-engineer/locations/australia,Mechanical Engineer,All,Australia,Data available
https://www.levels.fyi/en-gb/t/mechanical-engineer/levels/entry-level/locations/australia,Mechanical Engineer,Entry-Level,Australia,Data available
https://www.levels.fyi/en-gb/t/mechanical-engineer/levels/senior/locations/australia,Mechanical Engineer,Senior,Australia,Data available
https://www.levels.fyi/en-gb/t/total-rewards/locations/australia,Total Rewards,All,Australia,Data available
https://www.levels.fyi/en-gb/t/total-rewards/levels/entry-level/locations/australia,Total Rewards,Entry-Level,Australia,No data available
https://www.levels.fyi/en-gb/t/total-rewards/levels/senior/locations/australia,Total Rewards,Senior,Australia,No data available
https://www.levels.fyi/en-gb/t/software-engineer/locations/australia,Software Engineer,All,Australia,Data available
https://www.levels.fyi/en-gb/t/software-engineer/levels/entry-level/locations/australia,Software Engineer,Entry-Level,Australia,Data available
https://www.levels.fyi/en-gb/t/software-engineer/levels/senior/locations/australia,Software Engineer,Senior,Australia,Data available
https://www.levels.fyi/en-gb/t/facilities-manager/locations/australia,Facilities Manager,All,Australia,No data available
https://www.levels.fyi/en-gb/t/facilities-manager/levels/entry-level/locations/australia,Facilities Manager,Entry-Level,Australia,No data available
https://www.levels.fyi/en-gb/t/facilities-manager/levels/senior/locations/australia,Facilities Manager,Senior,Australia,No data available
https://www.levels.fyi/en-gb/t/software-engineering-manager/locations/australia,Software Engineering Manager,All,Australia,Data available
https://www.levels.fyi/en-gb/t/software-engineering-manager/levels/entry-level/locations/australia,Software Engineering Manager,Entry-Level,Australia,No data available
https://www.levels.fyi/en-gb/t/software-engineering-manager/levels/senior/locations/australia,Software Engineering Manager,Senior,Australia,No data available
https://www.levels.fyi/en-gb/t/information-technologist/locations/australia,Information Technologist,All,Australia,Data available
https://www.levels.fyi/en-gb/t/information-technologist/levels/entry-level/locations/australia,Information Technologist,Entry-Level,Australia,Data available
https://www.levels.fyi/en-gb/t/information-technologist/levels/senior/locations/australia,Information Technologist,Senior,Australia,Data available
https://www.levels.fyi/en-gb/t/solution-architect/locations/australia,Solution Architect,All,Australia,Data available
https://www.levels.fyi/en-gb/t/solution-architect/levels/entry-level/locations/australia,Solution Architect,Entry-Level,Australia,Data available
https://www.levels.fyi/en-gb/t/solution-architect/levels/senior/locations/australia,Solution Architect,Senior,Australia,Data available
https://www.levels.fyi/en-gb/t/product-designer/locations/australia,Product Designer,All,Australia,Data available
https://www.levels.fyi/en-gb/t/product-designer/levels/entry-level/locations/australia,Product Designer,Entry-Level,Australia,Data available
https://www.levels.fyi/en-gb/t/product-designer/levels/senior/locations/australia,Product Designer,Senior,Australia,Data available
https://www.levels.fyi/en-gb/t/biz-ops/locations/australia,Biz Ops,All,Australia,Data available
https://www.levels.fyi/en-gb/t/biz-ops/levels/entry-level/locations/australia,Biz Ops,Entry-Level,Australia,Data available
https://www.levels.fyi/en-gb/t/biz-ops/levels/senior/locations/australia,Biz Ops,Senior,Australia,Data available
https://www.levels.fyi/en-gb/t/recruiter/locations/australia,Recruiter,All,Australia,Data available
https://www.levels.fyi/en-gb/t/recruiter/levels/entry-level/locations/australia,Recruiter,Entry-Level,Australia,No data available
https://www.levels.fyi/en-gb/t/recruiter/levels/senior/locations/australia,Recruiter,Senior,Australia,Data available
https://www.levels.fyi/en-gb/t/prompt-engineer/locations/australia,Prompt Engineer,All,Australia,No data available
https://www.levels.fyi/en-gb/t/prompt-engineer/levels/entry-level/locations/australia,Prompt Engineer,Entry-Level,Australia,No data available
https://www.levels.fyi/en-gb/t/prompt-engineer/levels/senior/locations/australia,Prompt Engineer,Senior,Australia,No data available
https://www.levels.fyi/en-gb/t/corp-dev/locations/australia,Corp Dev,All,Australia,No data available
https://www.levels.fyi/en-gb/t/corp-dev/levels/entry-level/locations/australia,Corp Dev,Entry-Level,Australia,No data available
https://www.levels.fyi/en-gb/t/corp-dev/levels/senior/locations/australia,Corp Dev,Senior,Australia,No data available
https://www.levels.fyi/en-gb/t/biomedical-engineer/locations/australia,Biomedical Engineer,All,Australia,Data available
https://www.levels.fyi/en-gb/t/biomedical-engineer/levels/entry-level/locations/australia,Biomedical Engineer,Entry-Level,Australia,Data available
https://www.levels.fyi/en-gb/t/biomedical-engineer/levels/senior/locations/australia,Biomedical Engineer,Senior,Australia,No data available
https://www.levels.fyi/en-gb/t/customer-service/locations/australia,Customer Service,All,Australia,Data available
https://www.levels.fyi/en-gb/t/customer-service/levels/entry-level/locations/australia,Customer Service,Entry-Level,Australia,No data available
https://www.levels.fyi/en-gb/t/customer-service/levels/senior/locations/australia,Customer Service,Senior,Australia,No data available
https://www.levels.fyi/en-gb/t/chemical-engineer/locations/australia,Chemical Engineer,All,Australia,Data available
https://www.levels.fyi/en-gb/t/chemical-engineer/levels/entry-level/locations/australia,Chemical Engineer,Entry-Level,Australia,No data available
https://www.levels.fyi/en-gb/t/chemical-engineer/levels/senior/locations/australia,Chemical Engineer,Senior,Australia,No data available
https://www.levels.fyi/en-gb/t/technical-program-manager/locations/australia,Technical Program Manager,All,Australia,Data available
https://www.levels.fyi/en-gb/t/technical-program-manager/levels/entry-level/locations/australia,Technical Program Manager,Entry-Level,Australia,No data available
https://www.levels.fyi/en-gb/t/technical-program-manager/levels/senior/locations/australia,Technical Program Manager,Senior,Australia,Data available
https://www.levels.fyi/en-gb/t/product-manager/locations/australia,Product Manager,All,Australia,Data available
https://www.levels.fyi/en-gb/t/product-manager/levels/entry-level/locations/australia,Product Manager,Entry-Level,Australia,Data available
https://www.levels.fyi/en-gb/t/product-manager/levels/senior/locations/australia,Product Manager,Senior,Australia,Data available
https://www.levels.fyi/en-gb/t/business-analyst/locations/australia,Business Analyst,All,Australia,Data available
https://www.levels.fyi/en-gb/t/business-analyst/levels/entry-level/locations/australia,Business Analyst,Entry-Level,Australia,Data available
https://www.levels.fyi/en-gb/t/business-analyst/levels/senior/locations/australia,Business Analyst,Senior,Australia,Data available
https://www.levels.fyi/en-gb/t/customer-success/locations/australia,Customer Success,All,Australia,Data available
https://www.levels.fyi/en-gb/t/customer-success/levels/entry-level/locations/australia,Customer Success,Entry-Level,Australia,No data available
https://www.levels.fyi/en-gb/t/customer-success/levels/senior/locations/australia,Customer Success,Senior,Australia,Data available
https://www.levels.fyi/en-gb/t/ux-researcher/locations/australia,Ux Researcher,All,Australia,Data available
https://www.levels.fyi/en-gb/t/ux-researcher/levels/entry-level/locations/australia,Ux Researcher,Entry-Level,Australia,No data available
https://www.levels.fyi/en-gb/t/ux-researcher/levels/senior/locations/australia,Ux Researcher,Senior,Australia,Data available
https://www.levels.fyi/en-gb/t/mep-engineer/locations/australia,Mep Engineer,All,Australia,No data available
https://www.levels.fyi/en-gb/t/mep-engineer/levels/entry-level/locations/australia,Mep Engineer,Entry-Level,Australia,No data available
https://www.levels.fyi/en-gb/t/mep-engineer/levels/senior/locations/australia,Mep Engineer,Senior,Australia,No data available
https://www.levels.fyi/en-gb/t/partner-manager/locations/australia,Partner Manager,All,Australia,Data available
https://www.levels.fyi/en-gb/t/partner-manager/levels/entry-level/locations/australia,Partner Manager,Entry-Level,Australia,No data available
https://www.levels.fyi/en-gb/t/partner-manager/levels/senior/locations/australia,Partner Manager,Senior,Australia,Data available
https://www.levels.fyi/en-gb/t/gtm-engineer/locations/australia,Gtm Engineer,All,Australia,No data available
https://www.levels.fyi/en-gb/t/gtm-engineer/levels/entry-level/locations/australia,Gtm Engineer,Entry-Level,Australia,No data available
https://www.levels.fyi/en-gb/t/gtm-engineer/levels/senior/locations/australia,Gtm Engineer,Senior,Australia,No data available
https://www.levels.fyi/en-gb/t/industrial-designer/locations/australia,Industrial Designer,All,Australia,No data available
https://www.levels.fyi/en-gb/t/industrial-designer/levels/entry-level/locations/australia,Industrial Designer,Entry-Level,Australia,No data available
https://www.levels.fyi/en-gb/t/industrial-designer/levels/senior/locations/australia,Industrial Designer,Senior,Australia,No data available
https://www.levels.fyi/en-gb/t/business-development/locations/australia,Business Development,All,Australia,Data available
https://www.levels.fyi/en-gb/t/business-development/levels/entry-level/locations/australia,Business Development,Entry-Level,Australia,Data available
https://www.levels.fyi/en-gb/t/business-development/levels/senior/locations/australia,Business Development,Senior,Australia,Data available
https://www.levels.fyi/en-gb/t/regulatory-affairs/locations/australia,Regulatory Affairs,All,Australia,No data available
https://www.levels.fyi/en-gb/t/regulatory-affairs/levels/entry-level/locations/australia,Regulatory Affairs,Entry-Level,Australia,No data available
https://www.levels.fyi/en-gb/t/regulatory-affairs/levels/senior/locations/australia,Regulatory Affairs,Senior,Australia,No data available
https://www.levels.fyi/en-gb/t/project-manager/locations/australia,Project Manager,All,Australia,Data available
https://www.levels.fyi/en-gb/t/project-manager/levels/entry-level/locations/australia,Project Manager,Entry-Level,Australia,Data available
https://www.levels.fyi/en-gb/t/project-manager/levels/senior/locations/australia,Project Manager,Senior,Australia,Data available
https://www.levels.fyi/en-gb/t/geological-engineer/locations/australia,Geological Engineer,All,Australia,No data available
https://www.levels.fyi/en-gb/t/geological-engineer/levels/entry-level/locations/australia,Geological Engineer,Entry-Level,Australia,No data available
https://www.levels.fyi/en-gb/t/geological-engineer/levels/senior/locations/australia,Geological Engineer,Senior,Australia,No data available
https://www.levels.fyi/en-gb/t/marketing-operations/locations/australia,Marketing Operations,All,Australia,Data available
https://www.levels.fyi/en-gb/t/marketing-operations/levels/entry-level/locations/australia,Marketing Operations,Entry-Level,Australia,No data available
https://www.levels.fyi/en-gb/t/marketing-operations/levels/senior/locations/australia,Marketing Operations,Senior,Australia,Data available
https://www.levels.fyi/en-gb/t/property-manager/locations/australia,Property Manager,All,Australia,No data available
https://www.levels.fyi/en-gb/t/property-manager/levels/entry-level/locations/australia,Property Manager,Entry-Level,Australia,No data available
https://www.levels.fyi/en-gb/t/property-manager/levels/senior/locations/australia,Property Manager,Senior,Australia,No data available
https://www.levels.fyi/en-gb/t/program-manager/locations/australia,Program Manager,All,Australia,Data available
https://www.levels.fyi/en-gb/t/program-manager/levels/entry-level/locations/australia,Program Manager,Entry-Level,Australia,No data available
https://www.levels.fyi/en-gb/t/program-manager/levels/senior/locations/australia,Program Manager,Senior,Australia,Data available
https://www.levels.fyi/en-gb/t/hardware-engineer/locations/australia,Hardware Engineer,All,Australia,Data available
https://www.levels.fyi/en-gb/t/hardware-engineer/levels/entry-level/locations/australia,Hardware Engineer,Entry-Level,Australia,Data available
https://www.levels.fyi/en-gb/t/hardware-engineer/levels/senior/locations/australia,Hardware Engineer,Senior,Australia,Data available
https://www.levels.fyi/en-gb/t/investment-banker/locations/australia,Investment Banker,All,Australia,Data available
https://www.levels.fyi/en-gb/t/investment-banker/levels/entry-level/locations/australia,Investment Banker,Entry-Level,Australia,Data available
https://www.levels.fyi/en-gb/t/investment-banker/levels/senior/locations/australia,Investment Banker,Senior,Australia,No data available
https://www.levels.fyi/en-gb/t/optical-engineer/locations/australia,Optical Engineer,All,Australia,No data available
https://www.levels.fyi/en-gb/t/optical-engineer/levels/entry-level/locations/australia,Optical Engineer,Entry-Level,Australia,No data available
https://www.levels.fyi/en-gb/t/optical-engineer/levels/senior/locations/australia,Optical Engineer,Senior,Australia,No data available
https://www.levels.fyi/en-gb/t/people-ops/locations/australia,People Ops,All,Australia,Data available
https://www.levels.fyi/en-gb/t/people-ops/levels/entry-level/locations/australia,People Ops,Entry-Level,Australia,No data available
https://www.levels.fyi/en-gb/t/people-ops/levels/senior/locations/australia,People Ops,Senior,Australia,Data available
https://www.levels.fyi/en-gb/t/human-resources/locations/australia,Human Resources,All,Australia,Data available
https://www.levels.fyi/en-gb/t/human-resources/levels/entry-level/locations/australia,Human Resources,Entry-Level,Australia,Data available
https://www.levels.fyi/en-gb/t/human-resources/levels/senior/locations/australia,Human Resources,Senior,Australia,Data available
https://www.levels.fyi/en-gb/t/revops/locations/australia,Revops,All,Australia,No data available
https://www.levels.fyi/en-gb/t/revops/levels/entry-level/locations/australia,Revops,Entry-Level,Australia,No data available
https://www.levels.fyi/en-gb/t/revops/levels/senior/locations/australia,Revops,Senior,Australia,No data available
https://www.levels.fyi/en-gb/t/administrative-assistant/locations/australia,Administrative Assistant,All,Australia,Data available
https://www.levels.fyi/en-gb/t/administrative-assistant/levels/entry-level/locations/australia,Administrative Assistant,Entry-Level,Australia,Data available
https://www.levels.fyi/en-gb/t/administrative-assistant/levels/senior/locations/australia,Administrative Assistant,Senior,Australia,Data available
https://www.levels.fyi/en-gb/t/underwriter/locations/australia,Underwriter,All,Australia,No data available
https://www.levels.fyi/en-gb/t/underwriter/levels/entry-level/locations/australia,Underwriter,Entry-Level,Australia,No data available
https://www.levels.fyi/en-gb/t/underwriter/levels/senior/locations/australia,Underwriter,Senior,Australia,No data available
https://www.levels.fyi/en-gb/t/venture-capitalist/locations/australia,Venture Capitalist,All,Australia,Data available
https://www.levels.fyi/en-gb/t/venture-capitalist/levels/entry-level/locations/australia,Venture Capitalist,Entry-Level,Australia,No data available
https://www.levels.fyi/en-gb/t/venture-capitalist/levels/senior/locations/australia,Venture Capitalist,Senior,Australia,No data available
https://www.levels.fyi/en-gb/t/accountant/locations/australia,Accountant,All,Australia,Data available
https://www.levels.fyi/en-gb/t/accountant/levels/entry-level/locations/australia,Accountant,Entry-Level,Australia,Data available
https://www.levels.fyi/en-gb/t/accountant/levels/senior/locations/australia,Accountant,Senior,Australia,Data available
https://www.levels.fyi/en-gb/t/data-scientist/locations/australia,Data Scientist,All,Australia,Data available
https://www.levels.fyi/en-gb/t/data-scientist/levels/entry-level/locations/australia,Data Scientist,Entry-Level,Australia,Data available
https://www.levels.fyi/en-gb/t/data-scientist/levels/senior/locations/australia,Data Scientist,Senior,Australia,Data available
https://www.levels.fyi/en-gb/t/sales-engineer/locations/australia,Sales Engineer,All,Australia,Data available
https://www.levels.fyi/en-gb/t/sales-engineer/levels/entry-level/locations/australia,Sales Engineer,Entry-Level,Australia,Data available
https://www.levels.fyi/en-gb/t/sales-engineer/levels/senior/locations/australia,Sales Engineer,Senior,Australia,Data available
https://www.levels.fyi/en-gb/t/customer-service-ops/locations/australia,Customer Service Ops,All,Australia,Data available
https://www.levels.fyi/en-gb/t/customer-service-ops/levels/entry-level/locations/australia,Customer Service Ops,Entry-Level,Australia,No data available
https://www.levels.fyi/en-gb/t/customer-service-ops/levels/senior/locations/australia,Customer Service Ops,Senior,Australia,No data available
https://www.levels.fyi/en-gb/t/graphic-designer/locations/australia,Graphic Designer,All,Australia,Data available
https://www.levels.fyi/en-gb/t/graphic-designer/levels/entry-level/locations/australia,Graphic Designer,Entry-Level,Australia,No data available
https://www.levels.fyi/en-gb/t/graphic-designer/levels/senior/locations/australia,Graphic Designer,Senior,Australia,Data available
https://www.levels.fyi/en-gb/t/tam/locations/australia,Tam,All,Australia,Data available
https://www.levels.fyi/en-gb/t/tam/levels/entry-level/locations/australia,Tam,Entry-Level,Australia,No data available
https://www.levels.fyi/en-gb/t/tam/levels/senior/locations/australia,Tam,Senior,Australia,Data available
https://www.levels.fyi/en-gb/t/security-analyst/locations/australia,Security Analyst,All,Australia,Data available
https://www.levels.fyi/en-gb/t/security-analyst/levels/entry-level/locations/australia,Security Analyst,Entry-Level,Australia,Data available
https://www.levels.fyi/en-gb/t/security-analyst/levels/senior/locations/australia,Security Analyst,Senior,Australia,Data available
https://www.levels.fyi/en-gb/t/controls-engineer/locations/australia,Controls Engineer,All,Australia,Data available
https://www.levels.fyi/en-gb/t/controls-engineer/levels/entry-level/locations/australia,Controls Engineer,Entry-Level,Australia,No data available
https://www.levels.fyi/en-gb/t/controls-engineer/levels/senior/locations/australia,Controls Engineer,Senior,Australia,No data available
https://www.levels.fyi/en-gb/t/legal/locations/australia,Legal,All,Australia,Data available
https://www.levels.fyi/en-gb/t/legal/levels/entry-level/locations/australia,Legal,Entry-Level,Australia,No data available
https://www.levels.fyi/en-gb/t/legal/levels/senior/locations/australia,Legal,Senior,Australia,No data available
https://www.levels.fyi/en-gb/t/management-consultant/locations/australia,Management Consultant,All,Australia,Data available
https://www.levels.fyi/en-gb/t/management-consultant/levels/entry-level/locations/australia,Management Consultant,Entry-Level,Australia,Data available
https://www.levels.fyi/en-gb/t/management-consultant/levels/senior/locations/australia,Management Consultant,Senior,Australia,Data available
