Metric,Measurement,Rank Order,Label,Salary,Job Title,Level,Country,URL
Summary,Percentile,,Median,198365,Sales,All,Australia,https://www.levels.fyi/en-gb/t/sales/locations/australia
Summary,Percentile,,25th,124000,Sales,All,Australia,https://www.levels.fyi/en-gb/t/sales/locations/australia
Summary,Percentile,,75th,302000,Sales,All,Australia,https://www.levels.fyi/en-gb/t/sales/locations/australia
Summary,Percentile,,90th,435000,Sales,All,Australia,https://www.levels.fyi/en-gb/t/sales/locations/australia
Top Company,Ranking,1,Google,323082,Sales,All,Australia,https://www.levels.fyi/en-gb/t/sales/locations/australia
Top Company,Ranking,2,Microsoft,272636,Sales,All,Australia,https://www.levels.fyi/en-gb/t/sales/locations/australia
Top Company,Ranking,3,Amazon,268665,Sales,All,Australia,https://www.levels.fyi/en-gb/t/sales/locations/australia
Top Location,Ranking,1,Sydney,252256,Sales,All,Australia,https://www.levels.fyi/en-gb/t/sales/locations/australia
Top Location,Ranking,2,Brisbane,232518,Sales,All,Australia,https://www.levels.fyi/en-gb/t/sales/locations/australia
Top Location,Ranking,3,Melbourne,182800,Sales,All,Australia,https://www.levels.fyi/en-gb/t/sales/locations/australia
Summary,Percentile,,Median,230843,Product Design Manager,All,Australia,https://www.levels.fyi/en-gb/t/product-design-manager/locations/australia
Summary,Percentile,,25th,190000,Product Design Manager,All,Australia,https://www.levels.fyi/en-gb/t/product-design-manager/locations/australia
Summary,Percentile,,75th,279000,Product Design Manager,All,Australia,https://www.levels.fyi/en-gb/t/product-design-manager/locations/australia
Summary,Percentile,,90th,307000,Product Design Manager,All,Australia,https://www.levels.fyi/en-gb/t/product-design-manager/locations/australia
Summary,Percentile,,Median,230843,Product Design Manager,Senior,Australia,https://www.levels.fyi/en-gb/t/product-design-manager/levels/senior/locations/australia
Summary,Percentile,,25th,190000,Product Design Manager,Senior,Australia,https://www.levels.fyi/en-gb/t/product-design-manager/levels/senior/locations/australia
Summary,Percentile,,75th,279000,Product Design Manager,Senior,Australia,https://www.levels.fyi/en-gb/t/product-design-manager/levels/senior/locations/australia
Summary,Percentile,,90th,307000,Product Design Manager,Senior,Australia,https://www.levels.fyi/en-gb/t/product-design-manager/levels/senior/locations/australia
Summary,Percentile,,Median,229620,Chief Of Staff,All,Australia,https://www.levels.fyi/en-gb/t/chief-of-staff/locations/australia
Summary,Percentile,,25th,172000,Chief Of Staff,All,Australia,https://www.levels.fyi/en-gb/t/chief-of-staff/locations/australia
Summary,Percentile,,75th,273000,Chief Of Staff,All,Australia,https://www.levels.fyi/en-gb/t/chief-of-staff/locations/australia
Summary,Percentile,,90th,348000,Chief Of Staff,All,Australia,https://www.levels.fyi/en-gb/t/chief-of-staff/locations/australia
Summary,Percentile,,Median,93088,Electrical Engineer,All,Australia,https://www.levels.fyi/en-gb/t/electrical-engineer/locations/australia
Summary,Percentile,,25th,72,Electrical Engineer,All,Australia,https://www.levels.fyi/en-gb/t/electrical-engineer/locations/australia
Summary,Percentile,,75th,113000,Electrical Engineer,All,Australia,https://www.levels.fyi/en-gb/t/electrical-engineer/locations/australia
Summary,Percentile,,90th,126000,Electrical Engineer,All,Australia,https://www.levels.fyi/en-gb/t/electrical-engineer/locations/australia
Summary,Percentile,,Median,174872,Data Science Manager,All,Australia,https://www.levels.fyi/en-gb/t/data-science-manager/locations/australia
Summary,Percentile,,25th,162000,Data Science Manager,All,Australia,https://www.levels.fyi/en-gb/t/data-science-manager/locations/australia
Summary,Percentile,,75th,222000,Data Science Manager,All,Australia,https://www.levels.fyi/en-gb/t/data-science-manager/locations/australia
Summary,Percentile,,90th,286000,Data Science Manager,All,Australia,https://www.levels.fyi/en-gb/t/data-science-manager/locations/australia
Top Company,Ranking,1,Brisbane,286491,Data Science Manager,All,Australia,https://www.levels.fyi/en-gb/t/data-science-manager/locations/australia
Top Company,Ranking,2,Sydney,174872,Data Science Manager,All,Australia,https://www.levels.fyi/en-gb/t/data-science-manager/locations/australia
Top Company,Ranking,3,Melbourne,167738,Data Science Manager,All,Australia,https://www.levels.fyi/en-gb/t/data-science-manager/locations/australia
Summary,Percentile,,Median,182859,Data Science Manager,Senior,Australia,https://www.levels.fyi/en-gb/t/data-science-manager/levels/senior/locations/australia
Summary,Percentile,,25th,162000,Data Science Manager,Senior,Australia,https://www.levels.fyi/en-gb/t/data-science-manager/levels/senior/locations/australia
Summary,Percentile,,75th,251000,Data Science Manager,Senior,Australia,https://www.levels.fyi/en-gb/t/data-science-manager/levels/senior/locations/australia
Summary,Percentile,,90th,286000,Data Science Manager,Senior,Australia,https://www.levels.fyi/en-gb/t/data-science-manager/levels/senior/locations/australia
Top Company,Ranking,1,Brisbane,286491,Data Science Manager,Senior,Australia,https://www.levels.fyi/en-gb/t/data-science-manager/levels/senior/locations/australia
Top Company,Ranking,2,Sydney,174872,Data Science Manager,Senior,Australia,https://www.levels.fyi/en-gb/t/data-science-manager/levels/senior/locations/australia
Top Company,Ranking,3,Melbourne,167738,Data Science Manager,Senior,Australia,https://www.levels.fyi/en-gb/t/data-science-manager/levels/senior/locations/australia
Summary,Percentile,,Median,148306,Actuary,All,Australia,https://www.levels.fyi/en-gb/t/actuary/locations/australia
Summary,Percentile,,Median,118793,Data Analyst,All,Australia,https://www.levels.fyi/en-gb/t/data-analyst/locations/australia
Summary,Percentile,,25th,102000,Data Analyst,All,Australia,https://www.levels.fyi/en-gb/t/data-analyst/locations/australia
Summary,Percentile,,75th,141000,Data Analyst,All,Australia,https://www.levels.fyi/en-gb/t/data-analyst/locations/australia
Summary,Percentile,,90th,159000,Data Analyst,All,Australia,https://www.levels.fyi/en-gb/t/data-analyst/locations/australia
Top Company,Ranking,1,ANZ,142162,Data Analyst,All,Australia,https://www.levels.fyi/en-gb/t/data-analyst/locations/australia
Top Company,Ranking,2,Westpac,130376,Data Analyst,All,Australia,https://www.levels.fyi/en-gb/t/data-analyst/locations/australia
Top Company,Ranking,3,Transurban,127529,Data Analyst,All,Australia,https://www.levels.fyi/en-gb/t/data-analyst/locations/australia
Top Location,Ranking,1,Canberra,183200,Data Analyst,All,Australia,https://www.levels.fyi/en-gb/t/data-analyst/locations/australia
Top Location,Ranking,2,Melbourne,125395,Data Analyst,All,Australia,https://www.levels.fyi/en-gb/t/data-analyst/locations/australia
Top Location,Ranking,3,Sydney,119207,Data Analyst,All,Australia,https://www.levels.fyi/en-gb/t/data-analyst/locations/australia
Summary,Percentile,,Median,85570,Data Analyst,Entry-Level,Australia,https://www.levels.fyi/en-gb/t/data-analyst/levels/entry-level/locations/australia
Summary,Percentile,,25th,79,Data Analyst,Entry-Level,Australia,https://www.levels.fyi/en-gb/t/data-analyst/levels/entry-level/locations/australia
Summary,Percentile,,75th,112000,Data Analyst,Entry-Level,Australia,https://www.levels.fyi/en-gb/t/data-analyst/levels/entry-level/locations/australia
Summary,Percentile,,90th,114000,Data Analyst,Entry-Level,Australia,https://www.levels.fyi/en-gb/t/data-analyst/levels/entry-level/locations/australia
Top Company,Ranking,1,ANZ,142162,Data Analyst,Entry-Level,Australia,https://www.levels.fyi/en-gb/t/data-analyst/levels/entry-level/locations/australia
Top Company,Ranking,2,Westpac,130376,Data Analyst,Entry-Level,Australia,https://www.levels.fyi/en-gb/t/data-analyst/levels/entry-level/locations/australia
Top Company,Ranking,3,Transurban,127529,Data Analyst,Entry-Level,Australia,https://www.levels.fyi/en-gb/t/data-analyst/levels/entry-level/locations/australia
Top Location,Ranking,1,Canberra,183200,Data Analyst,Entry-Level,Australia,https://www.levels.fyi/en-gb/t/data-analyst/levels/entry-level/locations/australia
Top Location,Ranking,2,Melbourne,125395,Data Analyst,Entry-Level,Australia,https://www.levels.fyi/en-gb/t/data-analyst/levels/entry-level/locations/australia
Top Location,Ranking,3,Sydney,119207,Data Analyst,Entry-Level,Australia,https://www.levels.fyi/en-gb/t/data-analyst/levels/entry-level/locations/australia
Summary,Percentile,,Median,142162,Data Analyst,Senior,Australia,https://www.levels.fyi/en-gb/t/data-analyst/levels/senior/locations/australia
Summary,Percentile,,25th,133000,Data Analyst,Senior,Australia,https://www.levels.fyi/en-gb/t/data-analyst/levels/senior/locations/australia
Summary,Percentile,,75th,165000,Data Analyst,Senior,Australia,https://www.levels.fyi/en-gb/t/data-analyst/levels/senior/locations/australia
Summary,Percentile,,90th,178000,Data Analyst,Senior,Australia,https://www.levels.fyi/en-gb/t/data-analyst/levels/senior/locations/australia
Top Company,Ranking,1,ANZ,142162,Data Analyst,Senior,Australia,https://www.levels.fyi/en-gb/t/data-analyst/levels/senior/locations/australia
Top Company,Ranking,2,Westpac,130376,Data Analyst,Senior,Australia,https://www.levels.fyi/en-gb/t/data-analyst/levels/senior/locations/australia
Top Company,Ranking,3,Transurban,127529,Data Analyst,Senior,Australia,https://www.levels.fyi/en-gb/t/data-analyst/levels/senior/locations/australia
Top Location,Ranking,1,Canberra,183200,Data Analyst,Senior,Australia,https://www.levels.fyi/en-gb/t/data-analyst/levels/senior/locations/australia
Top Location,Ranking,2,Melbourne,125395,Data Analyst,Senior,Australia,https://www.levels.fyi/en-gb/t/data-analyst/levels/senior/locations/australia
Top Location,Ranking,3,Sydney,119207,Data Analyst,Senior,Australia,https://www.levels.fyi/en-gb/t/data-analyst/levels/senior/locations/australia
Summary,Percentile,,Median,122180,Financial Analyst,All,Australia,https://www.levels.fyi/en-gb/t/financial-analyst/locations/australia
Summary,Percentile,,25th,76,Financial Analyst,All,Australia,https://www.levels.fyi/en-gb/t/financial-analyst/locations/australia
Summary,Percentile,,75th,142000,Financial Analyst,All,Australia,https://www.levels.fyi/en-gb/t/financial-analyst/locations/australia
Summary,Percentile,,90th,205000,Financial Analyst,All,Australia,https://www.levels.fyi/en-gb/t/financial-analyst/locations/australia
Top Company,Ranking,1,Sydney,123063,Financial Analyst,All,Australia,https://www.levels.fyi/en-gb/t/financial-analyst/locations/australia
Top Company,Ranking,2,Melbourne,118584,Financial Analyst,All,Australia,https://www.levels.fyi/en-gb/t/financial-analyst/locations/australia
Top Company,Ranking,3,Brisbane,108968,Financial Analyst,All,Australia,https://www.levels.fyi/en-gb/t/financial-analyst/locations/australia
Summary,Percentile,,Median,76365,Financial Analyst,Entry-Level,Australia,https://www.levels.fyi/en-gb/t/financial-analyst/levels/entry-level/locations/australia
Summary,Percentile,,25th,63000,Financial Analyst,Entry-Level,Australia,https://www.levels.fyi/en-gb/t/financial-analyst/levels/entry-level/locations/australia
Summary,Percentile,,75th,116000,Financial Analyst,Entry-Level,Australia,https://www.levels.fyi/en-gb/t/financial-analyst/levels/entry-level/locations/australia
Summary,Percentile,,90th,121000,Financial Analyst,Entry-Level,Australia,https://www.levels.fyi/en-gb/t/financial-analyst/levels/entry-level/locations/australia
Top Company,Ranking,1,Sydney,123063,Financial Analyst,Entry-Level,Australia,https://www.levels.fyi/en-gb/t/financial-analyst/levels/entry-level/locations/australia
Top Company,Ranking,2,Melbourne,118584,Financial Analyst,Entry-Level,Australia,https://www.levels.fyi/en-gb/t/financial-analyst/levels/entry-level/locations/australia
Top Company,Ranking,3,Brisbane,108968,Financial Analyst,Entry-Level,Australia,https://www.levels.fyi/en-gb/t/financial-analyst/levels/entry-level/locations/australia
Summary,Percentile,,Median,169339,Financial Analyst,Senior,Australia,https://www.levels.fyi/en-gb/t/financial-analyst/levels/senior/locations/australia
Summary,Percentile,,25th,151000,Financial Analyst,Senior,Australia,https://www.levels.fyi/en-gb/t/financial-analyst/levels/senior/locations/australia
Summary,Percentile,,75th,181000,Financial Analyst,Senior,Australia,https://www.levels.fyi/en-gb/t/financial-analyst/levels/senior/locations/australia
Summary,Percentile,,90th,230000,Financial Analyst,Senior,Australia,https://www.levels.fyi/en-gb/t/financial-analyst/levels/senior/locations/australia
Top Company,Ranking,1,Sydney,123063,Financial Analyst,Senior,Australia,https://www.levels.fyi/en-gb/t/financial-analyst/levels/senior/locations/australia
Top Company,Ranking,2,Melbourne,118584,Financial Analyst,Senior,Australia,https://www.levels.fyi/en-gb/t/financial-analyst/levels/senior/locations/australia
Top Company,Ranking,3,Brisbane,108968,Financial Analyst,Senior,Australia,https://www.levels.fyi/en-gb/t/financial-analyst/levels/senior/locations/australia
Summary,Percentile,,Median,90985,Civil Engineer,All,Australia,https://www.levels.fyi/en-gb/t/civil-engineer/locations/australia
Summary,Percentile,,25th,82,Civil Engineer,All,Australia,https://www.levels.fyi/en-gb/t/civil-engineer/locations/australia
Summary,Percentile,,75th,129000,Civil Engineer,All,Australia,https://www.levels.fyi/en-gb/t/civil-engineer/locations/australia
Summary,Percentile,,90th,161000,Civil Engineer,All,Australia,https://www.levels.fyi/en-gb/t/civil-engineer/locations/australia
Top Company,Ranking,1,Melbourne,107111,Civil Engineer,All,Australia,https://www.levels.fyi/en-gb/t/civil-engineer/locations/australia
Top Company,Ranking,2,Sydney,91341,Civil Engineer,All,Australia,https://www.levels.fyi/en-gb/t/civil-engineer/locations/australia
Top Company,Ranking,3,Brisbane,82937,Civil Engineer,All,Australia,https://www.levels.fyi/en-gb/t/civil-engineer/locations/australia
Summary,Percentile,,Median,70939,Civil Engineer,Entry-Level,Australia,https://www.levels.fyi/en-gb/t/civil-engineer/levels/entry-level/locations/australia
Summary,Percentile,,25th,69,Civil Engineer,Entry-Level,Australia,https://www.levels.fyi/en-gb/t/civil-engineer/levels/entry-level/locations/australia
Summary,Percentile,,75th,88,Civil Engineer,Entry-Level,Australia,https://www.levels.fyi/en-gb/t/civil-engineer/levels/entry-level/locations/australia
Summary,Percentile,,90th,90,Civil Engineer,Entry-Level,Australia,https://www.levels.fyi/en-gb/t/civil-engineer/levels/entry-level/locations/australia
Top Company,Ranking,1,Melbourne,107111,Civil Engineer,Entry-Level,Australia,https://www.levels.fyi/en-gb/t/civil-engineer/levels/entry-level/locations/australia
Top Company,Ranking,2,Sydney,91341,Civil Engineer,Entry-Level,Australia,https://www.levels.fyi/en-gb/t/civil-engineer/levels/entry-level/locations/australia
Top Company,Ranking,3,Brisbane,82937,Civil Engineer,Entry-Level,Australia,https://www.levels.fyi/en-gb/t/civil-engineer/levels/entry-level/locations/australia
Summary,Percentile,,Median,161421,Civil Engineer,Senior,Australia,https://www.levels.fyi/en-gb/t/civil-engineer/levels/senior/locations/australia
Summary,Percentile,,25th,129000,Civil Engineer,Senior,Australia,https://www.levels.fyi/en-gb/t/civil-engineer/levels/senior/locations/australia
Summary,Percentile,,75th,180000,Civil Engineer,Senior,Australia,https://www.levels.fyi/en-gb/t/civil-engineer/levels/senior/locations/australia
Summary,Percentile,,90th,189000,Civil Engineer,Senior,Australia,https://www.levels.fyi/en-gb/t/civil-engineer/levels/senior/locations/australia
Top Company,Ranking,1,Melbourne,107111,Civil Engineer,Senior,Australia,https://www.levels.fyi/en-gb/t/civil-engineer/levels/senior/locations/australia
Top Company,Ranking,2,Sydney,91341,Civil Engineer,Senior,Australia,https://www.levels.fyi/en-gb/t/civil-engineer/levels/senior/locations/australia
Top Company,Ranking,3,Brisbane,82937,Civil Engineer,Senior,Australia,https://www.levels.fyi/en-gb/t/civil-engineer/levels/senior/locations/australia
Summary,Percentile,,Median,116400,Technical Writer,All,Australia,https://www.levels.fyi/en-gb/t/technical-writer/locations/australia
Summary,Percentile,,Median,141765,Marketing,All,Australia,https://www.levels.fyi/en-gb/t/marketing/locations/australia
Summary,Percentile,,25th,104000,Marketing,All,Australia,https://www.levels.fyi/en-gb/t/marketing/locations/australia
Summary,Percentile,,75th,159000,Marketing,All,Australia,https://www.levels.fyi/en-gb/t/marketing/locations/australia
Summary,Percentile,,90th,207000,Marketing,All,Australia,https://www.levels.fyi/en-gb/t/marketing/locations/australia
Top Company,Ranking,1,Canva,232857,Marketing,All,Australia,https://www.levels.fyi/en-gb/t/marketing/locations/australia
Top Company,Ranking,2,Amazon,207068,Marketing,All,Australia,https://www.levels.fyi/en-gb/t/marketing/locations/australia
Top Company,Ranking,3,Block,177746,Marketing,All,Australia,https://www.levels.fyi/en-gb/t/marketing/locations/australia
Summary,Percentile,,Median,163564,Bizops Manager,All,Australia,https://www.levels.fyi/en-gb/t/bizops-manager/locations/australia
Summary,Percentile,,25th,139000,Bizops Manager,All,Australia,https://www.levels.fyi/en-gb/t/bizops-manager/locations/australia
Summary,Percentile,,75th,197000,Bizops Manager,All,Australia,https://www.levels.fyi/en-gb/t/bizops-manager/locations/australia
Summary,Percentile,,90th,265000,Bizops Manager,All,Australia,https://www.levels.fyi/en-gb/t/bizops-manager/locations/australia
Summary,Percentile,,Median,172855,Bizops Manager,Senior,Australia,https://www.levels.fyi/en-gb/t/bizops-manager/levels/senior/locations/australia
Summary,Percentile,,25th,139000,Bizops Manager,Senior,Australia,https://www.levels.fyi/en-gb/t/bizops-manager/levels/senior/locations/australia
Summary,Percentile,,75th,197000,Bizops Manager,Senior,Australia,https://www.levels.fyi/en-gb/t/bizops-manager/levels/senior/locations/australia
Summary,Percentile,,90th,265000,Bizops Manager,Senior,Australia,https://www.levels.fyi/en-gb/t/bizops-manager/levels/senior/locations/australia
Summary,Percentile,,Median,106518,Mechanical Engineer,All,Australia,https://www.levels.fyi/en-gb/t/mechanical-engineer/locations/australia
Summary,Percentile,,25th,92,Mechanical Engineer,All,Australia,https://www.levels.fyi/en-gb/t/mechanical-engineer/locations/australia
Summary,Percentile,,75th,127000,Mechanical Engineer,All,Australia,https://www.levels.fyi/en-gb/t/mechanical-engineer/locations/australia
Summary,Percentile,,90th,153000,Mechanical Engineer,All,Australia,https://www.levels.fyi/en-gb/t/mechanical-engineer/locations/australia
Top Company,Ranking,1,Sydney,124553,Mechanical Engineer,All,Australia,https://www.levels.fyi/en-gb/t/mechanical-engineer/locations/australia
Top Company,Ranking,2,Perth,123627,Mechanical Engineer,All,Australia,https://www.levels.fyi/en-gb/t/mechanical-engineer/locations/australia
Top Company,Ranking,3,Brisbane,115701,Mechanical Engineer,All,Australia,https://www.levels.fyi/en-gb/t/mechanical-engineer/locations/australia
Summary,Percentile,,Median,74813,Mechanical Engineer,Entry-Level,Australia,https://www.levels.fyi/en-gb/t/mechanical-engineer/levels/entry-level/locations/australia
Summary,Percentile,,25th,72,Mechanical Engineer,Entry-Level,Australia,https://www.levels.fyi/en-gb/t/mechanical-engineer/levels/entry-level/locations/australia
Summary,Percentile,,75th,81,Mechanical Engineer,Entry-Level,Australia,https://www.levels.fyi/en-gb/t/mechanical-engineer/levels/entry-level/locations/australia
Summary,Percentile,,90th,88000,Mechanical Engineer,Entry-Level,Australia,https://www.levels.fyi/en-gb/t/mechanical-engineer/levels/entry-level/locations/australia
Top Company,Ranking,1,Sydney,124553,Mechanical Engineer,Entry-Level,Australia,https://www.levels.fyi/en-gb/t/mechanical-engineer/levels/entry-level/locations/australia
Top Company,Ranking,2,Perth,123627,Mechanical Engineer,Entry-Level,Australia,https://www.levels.fyi/en-gb/t/mechanical-engineer/levels/entry-level/locations/australia
Top Company,Ranking,3,Brisbane,115701,Mechanical Engineer,Entry-Level,Australia,https://www.levels.fyi/en-gb/t/mechanical-engineer/levels/entry-level/locations/australia
Summary,Percentile,,Median,126812,Mechanical Engineer,Senior,Australia,https://www.levels.fyi/en-gb/t/mechanical-engineer/levels/senior/locations/australia
Summary,Percentile,,25th,107000,Mechanical Engineer,Senior,Australia,https://www.levels.fyi/en-gb/t/mechanical-engineer/levels/senior/locations/australia
Summary,Percentile,,75th,133000,Mechanical Engineer,Senior,Australia,https://www.levels.fyi/en-gb/t/mechanical-engineer/levels/senior/locations/australia
Summary,Percentile,,90th,153000,Mechanical Engineer,Senior,Australia,https://www.levels.fyi/en-gb/t/mechanical-engineer/levels/senior/locations/australia
Top Company,Ranking,1,Sydney,124553,Mechanical Engineer,Senior,Australia,https://www.levels.fyi/en-gb/t/mechanical-engineer/levels/senior/locations/australia
Top Company,Ranking,2,Perth,123627,Mechanical Engineer,Senior,Australia,https://www.levels.fyi/en-gb/t/mechanical-engineer/levels/senior/locations/australia
Top Company,Ranking,3,Brisbane,115701,Mechanical Engineer,Senior,Australia,https://www.levels.fyi/en-gb/t/mechanical-engineer/levels/senior/locations/australia
Summary,Percentile,,Median,115002,Total Rewards,All,Australia,https://www.levels.fyi/en-gb/t/total-rewards/locations/australia
Summary,Percentile,,Median,151204,Software Engineer,All,Australia,https://www.levels.fyi/en-gb/t/software-engineer/locations/australia
Summary,Percentile,,25th,113000,Software Engineer,All,Australia,https://www.levels.fyi/en-gb/t/software-engineer/locations/australia
Summary,Percentile,,75th,188000,Software Engineer,All,Australia,https://www.levels.fyi/en-gb/t/software-engineer/locations/australia
Summary,Percentile,,90th,234000,Software Engineer,All,Australia,https://www.levels.fyi/en-gb/t/software-engineer/locations/australia
Top Company,Ranking,1,Google,282743,Software Engineer,All,Australia,https://www.levels.fyi/en-gb/t/software-engineer/locations/australia
Top Company,Ranking,2,Block,267433,Software Engineer,All,Australia,https://www.levels.fyi/en-gb/t/software-engineer/locations/australia
Top Company,Ranking,3,Rokt,266707,Software Engineer,All,Australia,https://www.levels.fyi/en-gb/t/software-engineer/locations/australia
Top Location,Ranking,1,Sydney,166809,Software Engineer,All,Australia,https://www.levels.fyi/en-gb/t/software-engineer/locations/australia
Top Location,Ranking,2,Melbourne,144703,Software Engineer,All,Australia,https://www.levels.fyi/en-gb/t/software-engineer/locations/australia
Top Location,Ranking,3,Perth,132245,Software Engineer,All,Australia,https://www.levels.fyi/en-gb/t/software-engineer/locations/australia
Summary,Percentile,,Median,90135,Software Engineer,Entry-Level,Australia,https://www.levels.fyi/en-gb/t/software-engineer/levels/entry-level/locations/australia
Summary,Percentile,,25th,79,Software Engineer,Entry-Level,Australia,https://www.levels.fyi/en-gb/t/software-engineer/levels/entry-level/locations/australia
Summary,Percentile,,75th,126000,Software Engineer,Entry-Level,Australia,https://www.levels.fyi/en-gb/t/software-engineer/levels/entry-level/locations/australia
Summary,Percentile,,90th,160000,Software Engineer,Entry-Level,Australia,https://www.levels.fyi/en-gb/t/software-engineer/levels/entry-level/locations/australia
Top Company,Ranking,1,Google,282743,Software Engineer,Entry-Level,Australia,https://www.levels.fyi/en-gb/t/software-engineer/levels/entry-level/locations/australia
Top Company,Ranking,2,Block,267433,Software Engineer,Entry-Level,Australia,https://www.levels.fyi/en-gb/t/software-engineer/levels/entry-level/locations/australia
Top Company,Ranking,3,Rokt,266707,Software Engineer,Entry-Level,Australia,https://www.levels.fyi/en-gb/t/software-engineer/levels/entry-level/locations/australia
Top Location,Ranking,1,Sydney,166809,Software Engineer,Entry-Level,Australia,https://www.levels.fyi/en-gb/t/software-engineer/levels/entry-level/locations/australia
Top Location,Ranking,2,Melbourne,144703,Software Engineer,Entry-Level,Australia,https://www.levels.fyi/en-gb/t/software-engineer/levels/entry-level/locations/australia
Top Location,Ranking,3,Perth,132245,Software Engineer,Entry-Level,Australia,https://www.levels.fyi/en-gb/t/software-engineer/levels/entry-level/locations/australia
Summary,Percentile,,Median,182167,Software Engineer,Senior,Australia,https://www.levels.fyi/en-gb/t/software-engineer/levels/senior/locations/australia
Summary,Percentile,,25th,155000,Software Engineer,Senior,Australia,https://www.levels.fyi/en-gb/t/software-engineer/levels/senior/locations/australia
Summary,Percentile,,75th,222000,Software Engineer,Senior,Australia,https://www.levels.fyi/en-gb/t/software-engineer/levels/senior/locations/australia
Summary,Percentile,,90th,283000,Software Engineer,Senior,Australia,https://www.levels.fyi/en-gb/t/software-engineer/levels/senior/locations/australia
Top Company,Ranking,1,Google,282743,Software Engineer,Senior,Australia,https://www.levels.fyi/en-gb/t/software-engineer/levels/senior/locations/australia
Top Company,Ranking,2,Block,267433,Software Engineer,Senior,Australia,https://www.levels.fyi/en-gb/t/software-engineer/levels/senior/locations/australia
Top Company,Ranking,3,Rokt,266707,Software Engineer,Senior,Australia,https://www.levels.fyi/en-gb/t/software-engineer/levels/senior/locations/australia
Top Location,Ranking,1,Sydney,166809,Software Engineer,Senior,Australia,https://www.levels.fyi/en-gb/t/software-engineer/levels/senior/locations/australia
Top Location,Ranking,2,Melbourne,144703,Software Engineer,Senior,Australia,https://www.levels.fyi/en-gb/t/software-engineer/levels/senior/locations/australia
Top Location,Ranking,3,Perth,132245,Software Engineer,Senior,Australia,https://www.levels.fyi/en-gb/t/software-engineer/levels/senior/locations/australia
Summary,Percentile,,Median,248654,Software Engineering Manager,All,Australia,https://www.levels.fyi/en-gb/t/software-engineering-manager/locations/australia
Summary,Percentile,,25th,195000,Software Engineering Manager,All,Australia,https://www.levels.fyi/en-gb/t/software-engineering-manager/locations/australia
Summary,Percentile,,75th,294000,Software Engineering Manager,All,Australia,https://www.levels.fyi/en-gb/t/software-engineering-manager/locations/australia
Summary,Percentile,,90th,383000,Software Engineering Manager,All,Australia,https://www.levels.fyi/en-gb/t/software-engineering-manager/locations/australia
Top Company,Ranking,1,Atlassian,440105,Software Engineering Manager,All,Australia,https://www.levels.fyi/en-gb/t/software-engineering-manager/locations/australia
Top Company,Ranking,2,Amazon,337197,Software Engineering Manager,All,Australia,https://www.levels.fyi/en-gb/t/software-engineering-manager/locations/australia
Top Company,Ranking,3,Canva,278869,Software Engineering Manager,All,Australia,https://www.levels.fyi/en-gb/t/software-engineering-manager/locations/australia
Top Location,Ranking,1,Sydney,270616,Software Engineering Manager,All,Australia,https://www.levels.fyi/en-gb/t/software-engineering-manager/locations/australia
Top Location,Ranking,2,Brisbane,197286,Software Engineering Manager,All,Australia,https://www.levels.fyi/en-gb/t/software-engineering-manager/locations/australia
Top Location,Ranking,3,Melbourne,188352,Software Engineering Manager,All,Australia,https://www.levels.fyi/en-gb/t/software-engineering-manager/locations/australia
Summary,Percentile,,Median,109314,Information Technologist,All,Australia,https://www.levels.fyi/en-gb/t/information-technologist/locations/australia
Summary,Percentile,,25th,85,Information Technologist,All,Australia,https://www.levels.fyi/en-gb/t/information-technologist/locations/australia
Summary,Percentile,,75th,150000,Information Technologist,All,Australia,https://www.levels.fyi/en-gb/t/information-technologist/locations/australia
Summary,Percentile,,90th,191000,Information Technologist,All,Australia,https://www.levels.fyi/en-gb/t/information-technologist/locations/australia
Top Company,Ranking,1,Perth,130963,Information Technologist,All,Australia,https://www.levels.fyi/en-gb/t/information-technologist/locations/australia
Top Company,Ranking,2,Sydney,116112,Information Technologist,All,Australia,https://www.levels.fyi/en-gb/t/information-technologist/locations/australia
Top Company,Ranking,3,Melbourne,107943,Information Technologist,All,Australia,https://www.levels.fyi/en-gb/t/information-technologist/locations/australia
Summary,Percentile,,Median,74227,Information Technologist,Entry-Level,Australia,https://www.levels.fyi/en-gb/t/information-technologist/levels/entry-level/locations/australia
Summary,Percentile,,25th,70,Information Technologist,Entry-Level,Australia,https://www.levels.fyi/en-gb/t/information-technologist/levels/entry-level/locations/australia
Summary,Percentile,,75th,85,Information Technologist,Entry-Level,Australia,https://www.levels.fyi/en-gb/t/information-technologist/levels/entry-level/locations/australia
Summary,Percentile,,90th,85,Information Technologist,Entry-Level,Australia,https://www.levels.fyi/en-gb/t/information-technologist/levels/entry-level/locations/australia
Top Company,Ranking,1,Perth,130963,Information Technologist,Entry-Level,Australia,https://www.levels.fyi/en-gb/t/information-technologist/levels/entry-level/locations/australia
Top Company,Ranking,2,Sydney,116112,Information Technologist,Entry-Level,Australia,https://www.levels.fyi/en-gb/t/information-technologist/levels/entry-level/locations/australia
Top Company,Ranking,3,Melbourne,107943,Information Technologist,Entry-Level,Australia,https://www.levels.fyi/en-gb/t/information-technologist/levels/entry-level/locations/australia
Summary,Percentile,,Median,149661,Information Technologist,Senior,Australia,https://www.levels.fyi/en-gb/t/information-technologist/levels/senior/locations/australia
Summary,Percentile,,25th,116000,Information Technologist,Senior,Australia,https://www.levels.fyi/en-gb/t/information-technologist/levels/senior/locations/australia
Summary,Percentile,,75th,172000,Information Technologist,Senior,Australia,https://www.levels.fyi/en-gb/t/information-technologist/levels/senior/locations/australia
Summary,Percentile,,90th,206000,Information Technologist,Senior,Australia,https://www.levels.fyi/en-gb/t/information-technologist/levels/senior/locations/australia
Top Company,Ranking,1,Perth,130963,Information Technologist,Senior,Australia,https://www.levels.fyi/en-gb/t/information-technologist/levels/senior/locations/australia
Top Company,Ranking,2,Sydney,116112,Information Technologist,Senior,Australia,https://www.levels.fyi/en-gb/t/information-technologist/levels/senior/locations/australia
Top Company,Ranking,3,Melbourne,107943,Information Technologist,Senior,Australia,https://www.levels.fyi/en-gb/t/information-technologist/levels/senior/locations/australia
Summary,Percentile,,Median,221591,Solution Architect,All,Australia,https://www.levels.fyi/en-gb/t/solution-architect/locations/australia
Summary,Percentile,,25th,189000,Solution Architect,All,Australia,https://www.levels.fyi/en-gb/t/solution-architect/locations/australia
Summary,Percentile,,75th,271000,Solution Architect,All,Australia,https://www.levels.fyi/en-gb/t/solution-architect/locations/australia
Summary,Percentile,,90th,328000,Solution Architect,All,Australia,https://www.levels.fyi/en-gb/t/solution-architect/locations/australia
Top Company,Ranking,1,Amazon,303726,Solution Architect,All,Australia,https://www.levels.fyi/en-gb/t/solution-architect/locations/australia
Top Company,Ranking,2,Microsoft,237822,Solution Architect,All,Australia,https://www.levels.fyi/en-gb/t/solution-architect/locations/australia
Top Company,Ranking,3,Telstra,206516,Solution Architect,All,Australia,https://www.levels.fyi/en-gb/t/solution-architect/locations/australia
Top Location,Ranking,1,Sydney,241884,Solution Architect,All,Australia,https://www.levels.fyi/en-gb/t/solution-architect/locations/australia
Top Location,Ranking,2,Brisbane,226901,Solution Architect,All,Australia,https://www.levels.fyi/en-gb/t/solution-architect/locations/australia
Top Location,Ranking,3,Melbourne,215974,Solution Architect,All,Australia,https://www.levels.fyi/en-gb/t/solution-architect/locations/australia
Summary,Percentile,,Median,124400,Solution Architect,Entry-Level,Australia,https://www.levels.fyi/en-gb/t/solution-architect/levels/entry-level/locations/australia
Summary,Percentile,,25th,91,Solution Architect,Entry-Level,Australia,https://www.levels.fyi/en-gb/t/solution-architect/levels/entry-level/locations/australia
Summary,Percentile,,75th,145000,Solution Architect,Entry-Level,Australia,https://www.levels.fyi/en-gb/t/solution-architect/levels/entry-level/locations/australia
Summary,Percentile,,90th,156000,Solution Architect,Entry-Level,Australia,https://www.levels.fyi/en-gb/t/solution-architect/levels/entry-level/locations/australia
Top Company,Ranking,1,Amazon,303726,Solution Architect,Entry-Level,Australia,https://www.levels.fyi/en-gb/t/solution-architect/levels/entry-level/locations/australia
Top Company,Ranking,2,Microsoft,237822,Solution Architect,Entry-Level,Australia,https://www.levels.fyi/en-gb/t/solution-architect/levels/entry-level/locations/australia
Top Company,Ranking,3,Telstra,206516,Solution Architect,Entry-Level,Australia,https://www.levels.fyi/en-gb/t/solution-architect/levels/entry-level/locations/australia
Top Location,Ranking,1,Sydney,241884,Solution Architect,Entry-Level,Australia,https://www.levels.fyi/en-gb/t/solution-architect/levels/entry-level/locations/australia
Top Location,Ranking,2,Brisbane,226901,Solution Architect,Entry-Level,Australia,https://www.levels.fyi/en-gb/t/solution-architect/levels/entry-level/locations/australia
Top Location,Ranking,3,Melbourne,215974,Solution Architect,Entry-Level,Australia,https://www.levels.fyi/en-gb/t/solution-architect/levels/entry-level/locations/australia
Summary,Percentile,,Median,229184,Solution Architect,Senior,Australia,https://www.levels.fyi/en-gb/t/solution-architect/levels/senior/locations/australia
Summary,Percentile,,25th,198000,Solution Architect,Senior,Australia,https://www.levels.fyi/en-gb/t/solution-architect/levels/senior/locations/australia
Summary,Percentile,,75th,273000,Solution Architect,Senior,Australia,https://www.levels.fyi/en-gb/t/solution-architect/levels/senior/locations/australia
Summary,Percentile,,90th,328000,Solution Architect,Senior,Australia,https://www.levels.fyi/en-gb/t/solution-architect/levels/senior/locations/australia
Top Company,Ranking,1,Amazon,303726,Solution Architect,Senior,Australia,https://www.levels.fyi/en-gb/t/solution-architect/levels/senior/locations/australia
Top Company,Ranking,2,Microsoft,237822,Solution Architect,Senior,Australia,https://www.levels.fyi/en-gb/t/solution-architect/levels/senior/locations/australia
Top Company,Ranking,3,Telstra,206516,Solution Architect,Senior,Australia,https://www.levels.fyi/en-gb/t/solution-architect/levels/senior/locations/australia
Top Location,Ranking,1,Sydney,241884,Solution Architect,Senior,Australia,https://www.levels.fyi/en-gb/t/solution-architect/levels/senior/locations/australia
Top Location,Ranking,2,Brisbane,226901,Solution Architect,Senior,Australia,https://www.levels.fyi/en-gb/t/solution-architect/levels/senior/locations/australia
Top Location,Ranking,3,Melbourne,215974,Solution Architect,Senior,Australia,https://www.levels.fyi/en-gb/t/solution-architect/levels/senior/locations/australia
Summary,Percentile,,Median,146784,Product Designer,All,Australia,https://www.levels.fyi/en-gb/t/product-designer/locations/australia
Summary,Percentile,,25th,123000,Product Designer,All,Australia,https://www.levels.fyi/en-gb/t/product-designer/locations/australia
Summary,Percentile,,75th,174000,Product Designer,All,Australia,https://www.levels.fyi/en-gb/t/product-designer/locations/australia
Summary,Percentile,,90th,202000,Product Designer,All,Australia,https://www.levels.fyi/en-gb/t/product-designer/locations/australia
Top Company,Ranking,1,Atlassian,254810,Product Designer,All,Australia,https://www.levels.fyi/en-gb/t/product-designer/locations/australia
Top Company,Ranking,2,Canva,181932,Product Designer,All,Australia,https://www.levels.fyi/en-gb/t/product-designer/locations/australia
Top Company,Ranking,3,WooliesX,174004,Product Designer,All,Australia,https://www.levels.fyi/en-gb/t/product-designer/locations/australia
Top Location,Ranking,1,Brisbane,186079,Product Designer,All,Australia,https://www.levels.fyi/en-gb/t/product-designer/locations/australia
Top Location,Ranking,2,Sydney,146784,Product Designer,All,Australia,https://www.levels.fyi/en-gb/t/product-designer/locations/australia
Top Location,Ranking,3,Melbourne,146583,Product Designer,All,Australia,https://www.levels.fyi/en-gb/t/product-designer/locations/australia
Summary,Percentile,,Median,86893,Product Designer,Entry-Level,Australia,https://www.levels.fyi/en-gb/t/product-designer/levels/entry-level/locations/australia
Summary,Percentile,,25th,78,Product Designer,Entry-Level,Australia,https://www.levels.fyi/en-gb/t/product-designer/levels/entry-level/locations/australia
Summary,Percentile,,75th,104000,Product Designer,Entry-Level,Australia,https://www.levels.fyi/en-gb/t/product-designer/levels/entry-level/locations/australia
Summary,Percentile,,90th,122000,Product Designer,Entry-Level,Australia,https://www.levels.fyi/en-gb/t/product-designer/levels/entry-level/locations/australia
Top Company,Ranking,1,Atlassian,254810,Product Designer,Entry-Level,Australia,https://www.levels.fyi/en-gb/t/product-designer/levels/entry-level/locations/australia
Top Company,Ranking,2,Canva,181932,Product Designer,Entry-Level,Australia,https://www.levels.fyi/en-gb/t/product-designer/levels/entry-level/locations/australia
Top Company,Ranking,3,WooliesX,174004,Product Designer,Entry-Level,Australia,https://www.levels.fyi/en-gb/t/product-designer/levels/entry-level/locations/australia
Top Location,Ranking,1,Brisbane,186079,Product Designer,Entry-Level,Australia,https://www.levels.fyi/en-gb/t/product-designer/levels/entry-level/locations/australia
Top Location,Ranking,2,Sydney,146784,Product Designer,Entry-Level,Australia,https://www.levels.fyi/en-gb/t/product-designer/levels/entry-level/locations/australia
Top Location,Ranking,3,Melbourne,146583,Product Designer,Entry-Level,Australia,https://www.levels.fyi/en-gb/t/product-designer/levels/entry-level/locations/australia
Summary,Percentile,,Median,157210,Product Designer,Senior,Australia,https://www.levels.fyi/en-gb/t/product-designer/levels/senior/locations/australia
Summary,Percentile,,25th,138000,Product Designer,Senior,Australia,https://www.levels.fyi/en-gb/t/product-designer/levels/senior/locations/australia
Summary,Percentile,,75th,185000,Product Designer,Senior,Australia,https://www.levels.fyi/en-gb/t/product-designer/levels/senior/locations/australia
Summary,Percentile,,90th,209000,Product Designer,Senior,Australia,https://www.levels.fyi/en-gb/t/product-designer/levels/senior/locations/australia
Top Company,Ranking,1,Atlassian,254810,Product Designer,Senior,Australia,https://www.levels.fyi/en-gb/t/product-designer/levels/senior/locations/australia
Top Company,Ranking,2,Canva,181932,Product Designer,Senior,Australia,https://www.levels.fyi/en-gb/t/product-designer/levels/senior/locations/australia
Top Company,Ranking,3,WooliesX,174004,Product Designer,Senior,Australia,https://www.levels.fyi/en-gb/t/product-designer/levels/senior/locations/australia
Top Location,Ranking,1,Brisbane,186079,Product Designer,Senior,Australia,https://www.levels.fyi/en-gb/t/product-designer/levels/senior/locations/australia
Top Location,Ranking,2,Sydney,146784,Product Designer,Senior,Australia,https://www.levels.fyi/en-gb/t/product-designer/levels/senior/locations/australia
Top Location,Ranking,3,Melbourne,146583,Product Designer,Senior,Australia,https://www.levels.fyi/en-gb/t/product-designer/levels/senior/locations/australia
Summary,Percentile,,Median,130201,Biz Ops,All,Australia,https://www.levels.fyi/en-gb/t/biz-ops/locations/australia
Summary,Percentile,,25th,90,Biz Ops,All,Australia,https://www.levels.fyi/en-gb/t/biz-ops/locations/australia
Summary,Percentile,,75th,150000,Biz Ops,All,Australia,https://www.levels.fyi/en-gb/t/biz-ops/locations/australia
Summary,Percentile,,90th,177000,Biz Ops,All,Australia,https://www.levels.fyi/en-gb/t/biz-ops/locations/australia
Summary,Percentile,,Median,78498,Biz Ops,Entry-Level,Australia,https://www.levels.fyi/en-gb/t/biz-ops/levels/entry-level/locations/australia
Summary,Percentile,,Median,149621,Biz Ops,Senior,Australia,https://www.levels.fyi/en-gb/t/biz-ops/levels/senior/locations/australia
Summary,Percentile,,25th,142000,Biz Ops,Senior,Australia,https://www.levels.fyi/en-gb/t/biz-ops/levels/senior/locations/australia
Summary,Percentile,,75th,177000,Biz Ops,Senior,Australia,https://www.levels.fyi/en-gb/t/biz-ops/levels/senior/locations/australia
Summary,Percentile,,90th,437000,Biz Ops,Senior,Australia,https://www.levels.fyi/en-gb/t/biz-ops/levels/senior/locations/australia
Summary,Percentile,,Median,152267,Recruiter,All,Australia,https://www.levels.fyi/en-gb/t/recruiter/locations/australia
Summary,Percentile,,25th,149000,Recruiter,All,Australia,https://www.levels.fyi/en-gb/t/recruiter/locations/australia
Summary,Percentile,,75th,211000,Recruiter,All,Australia,https://www.levels.fyi/en-gb/t/recruiter/locations/australia
Summary,Percentile,,90th,226000,Recruiter,All,Australia,https://www.levels.fyi/en-gb/t/recruiter/locations/australia
Summary,Percentile,,Median,152267,Recruiter,Senior,Australia,https://www.levels.fyi/en-gb/t/recruiter/levels/senior/locations/australia
Summary,Percentile,,25th,149000,Recruiter,Senior,Australia,https://www.levels.fyi/en-gb/t/recruiter/levels/senior/locations/australia
Summary,Percentile,,75th,211000,Recruiter,Senior,Australia,https://www.levels.fyi/en-gb/t/recruiter/levels/senior/locations/australia
Summary,Percentile,,90th,226000,Recruiter,Senior,Australia,https://www.levels.fyi/en-gb/t/recruiter/levels/senior/locations/australia
Summary,Percentile,,Median,105193,Biomedical Engineer,All,Australia,https://www.levels.fyi/en-gb/t/biomedical-engineer/locations/australia
Summary,Percentile,,Median,96584,Biomedical Engineer,Entry-Level,Australia,https://www.levels.fyi/en-gb/t/biomedical-engineer/levels/entry-level/locations/australia
Summary,Percentile,,Median,65253,Customer Service,All,Australia,https://www.levels.fyi/en-gb/t/customer-service/locations/australia
Summary,Percentile,,25th,59,Customer Service,All,Australia,https://www.levels.fyi/en-gb/t/customer-service/locations/australia
Summary,Percentile,,75th,101000,Customer Service,All,Australia,https://www.levels.fyi/en-gb/t/customer-service/locations/australia
Summary,Percentile,,90th,164000,Customer Service,All,Australia,https://www.levels.fyi/en-gb/t/customer-service/locations/australia
Top Company,Ranking,1,Atlassian,162319,Customer Service,All,Australia,https://www.levels.fyi/en-gb/t/customer-service/locations/australia
Top Company,Ranking,2,NAB,66383,Customer Service,All,Australia,https://www.levels.fyi/en-gb/t/customer-service/locations/australia
Top Company,Ranking,3,Commonwealth Bank,66382,Customer Service,All,Australia,https://www.levels.fyi/en-gb/t/customer-service/locations/australia
Top Location,Ranking,1,Melbourne,62705,Customer Service,All,Australia,https://www.levels.fyi/en-gb/t/customer-service/locations/australia
Top Location,Ranking,2,Sydney,62100,Customer Service,All,Australia,https://www.levels.fyi/en-gb/t/customer-service/locations/australia
Top Location,Ranking,3,Brisbane,55871,Customer Service,All,Australia,https://www.levels.fyi/en-gb/t/customer-service/locations/australia
Summary,Percentile,,Median,111224,Chemical Engineer,All,Australia,https://www.levels.fyi/en-gb/t/chemical-engineer/locations/australia
Summary,Percentile,,Median,197096,Technical Program Manager,All,Australia,https://www.levels.fyi/en-gb/t/technical-program-manager/locations/australia
Summary,Percentile,,25th,170000,Technical Program Manager,All,Australia,https://www.levels.fyi/en-gb/t/technical-program-manager/locations/australia
Summary,Percentile,,75th,273000,Technical Program Manager,All,Australia,https://www.levels.fyi/en-gb/t/technical-program-manager/locations/australia
Summary,Percentile,,90th,290000,Technical Program Manager,All,Australia,https://www.levels.fyi/en-gb/t/technical-program-manager/locations/australia
Top Company,Ranking,1,Atlassian,322209,Technical Program Manager,All,Australia,https://www.levels.fyi/en-gb/t/technical-program-manager/locations/australia
Top Company,Ranking,2,Microsoft,263188,Technical Program Manager,All,Australia,https://www.levels.fyi/en-gb/t/technical-program-manager/locations/australia
Top Company,Ranking,3,Amazon,218314,Technical Program Manager,All,Australia,https://www.levels.fyi/en-gb/t/technical-program-manager/locations/australia
Summary,Percentile,,Median,214868,Technical Program Manager,Senior,Australia,https://www.levels.fyi/en-gb/t/technical-program-manager/levels/senior/locations/australia
Summary,Percentile,,25th,177000,Technical Program Manager,Senior,Australia,https://www.levels.fyi/en-gb/t/technical-program-manager/levels/senior/locations/australia
Summary,Percentile,,75th,275000,Technical Program Manager,Senior,Australia,https://www.levels.fyi/en-gb/t/technical-program-manager/levels/senior/locations/australia
Summary,Percentile,,90th,322000,Technical Program Manager,Senior,Australia,https://www.levels.fyi/en-gb/t/technical-program-manager/levels/senior/locations/australia
Top Company,Ranking,1,Atlassian,322209,Technical Program Manager,Senior,Australia,https://www.levels.fyi/en-gb/t/technical-program-manager/levels/senior/locations/australia
Top Company,Ranking,2,Microsoft,263188,Technical Program Manager,Senior,Australia,https://www.levels.fyi/en-gb/t/technical-program-manager/levels/senior/locations/australia
Top Company,Ranking,3,Amazon,218314,Technical Program Manager,Senior,Australia,https://www.levels.fyi/en-gb/t/technical-program-manager/levels/senior/locations/australia
Summary,Percentile,,Median,172271,Product Manager,All,Australia,https://www.levels.fyi/en-gb/t/product-manager/locations/australia
Summary,Percentile,,25th,151000,Product Manager,All,Australia,https://www.levels.fyi/en-gb/t/product-manager/locations/australia
Summary,Percentile,,75th,207000,Product Manager,All,Australia,https://www.levels.fyi/en-gb/t/product-manager/locations/australia
Summary,Percentile,,90th,251000,Product Manager,All,Australia,https://www.levels.fyi/en-gb/t/product-manager/locations/australia
Top Company,Ranking,1,Atlassian,280354,Product Manager,All,Australia,https://www.levels.fyi/en-gb/t/product-manager/locations/australia
Top Company,Ranking,2,Amazon,208184,Product Manager,All,Australia,https://www.levels.fyi/en-gb/t/product-manager/locations/australia
Top Company,Ranking,3,Canva,196826,Product Manager,All,Australia,https://www.levels.fyi/en-gb/t/product-manager/locations/australia
Top Location,Ranking,1,Perth,209918,Product Manager,All,Australia,https://www.levels.fyi/en-gb/t/product-manager/locations/australia
Top Location,Ranking,2,Melbourne,173282,Product Manager,All,Australia,https://www.levels.fyi/en-gb/t/product-manager/locations/australia
Top Location,Ranking,3,Sydney,170943,Product Manager,All,Australia,https://www.levels.fyi/en-gb/t/product-manager/locations/australia
Summary,Percentile,,Median,123452,Product Manager,Entry-Level,Australia,https://www.levels.fyi/en-gb/t/product-manager/levels/entry-level/locations/australia
Summary,Percentile,,25th,104000,Product Manager,Entry-Level,Australia,https://www.levels.fyi/en-gb/t/product-manager/levels/entry-level/locations/australia
Summary,Percentile,,75th,166000,Product Manager,Entry-Level,Australia,https://www.levels.fyi/en-gb/t/product-manager/levels/entry-level/locations/australia
Summary,Percentile,,90th,201000,Product Manager,Entry-Level,Australia,https://www.levels.fyi/en-gb/t/product-manager/levels/entry-level/locations/australia
Top Company,Ranking,1,Atlassian,280354,Product Manager,Entry-Level,Australia,https://www.levels.fyi/en-gb/t/product-manager/levels/entry-level/locations/australia
Top Company,Ranking,2,Amazon,208184,Product Manager,Entry-Level,Australia,https://www.levels.fyi/en-gb/t/product-manager/levels/entry-level/locations/australia
Top Company,Ranking,3,Canva,196826,Product Manager,Entry-Level,Australia,https://www.levels.fyi/en-gb/t/product-manager/levels/entry-level/locations/australia
Top Location,Ranking,1,Perth,209918,Product Manager,Entry-Level,Australia,https://www.levels.fyi/en-gb/t/product-manager/levels/entry-level/locations/australia
Top Location,Ranking,2,Melbourne,173282,Product Manager,Entry-Level,Australia,https://www.levels.fyi/en-gb/t/product-manager/levels/entry-level/locations/australia
Top Location,Ranking,3,Sydney,170943,Product Manager,Entry-Level,Australia,https://www.levels.fyi/en-gb/t/product-manager/levels/entry-level/locations/australia
Summary,Percentile,,Median,195150,Product Manager,Senior,Australia,https://www.levels.fyi/en-gb/t/product-manager/levels/senior/locations/australia
Summary,Percentile,,25th,170000,Product Manager,Senior,Australia,https://www.levels.fyi/en-gb/t/product-manager/levels/senior/locations/australia
Summary,Percentile,,75th,214000,Product Manager,Senior,Australia,https://www.levels.fyi/en-gb/t/product-manager/levels/senior/locations/australia
Summary,Percentile,,90th,280000,Product Manager,Senior,Australia,https://www.levels.fyi/en-gb/t/product-manager/levels/senior/locations/australia
Top Company,Ranking,1,Atlassian,280354,Product Manager,Senior,Australia,https://www.levels.fyi/en-gb/t/product-manager/levels/senior/locations/australia
Top Company,Ranking,2,Amazon,208184,Product Manager,Senior,Australia,https://www.levels.fyi/en-gb/t/product-manager/levels/senior/locations/australia
Top Company,Ranking,3,Canva,196826,Product Manager,Senior,Australia,https://www.levels.fyi/en-gb/t/product-manager/levels/senior/locations/australia
Top Location,Ranking,1,Perth,209918,Product Manager,Senior,Australia,https://www.levels.fyi/en-gb/t/product-manager/levels/senior/locations/australia
Top Location,Ranking,2,Melbourne,173282,Product Manager,Senior,Australia,https://www.levels.fyi/en-gb/t/product-manager/levels/senior/locations/australia
Top Location,Ranking,3,Sydney,170943,Product Manager,Senior,Australia,https://www.levels.fyi/en-gb/t/product-manager/levels/senior/locations/australia
Summary,Percentile,,Median,113763,Business Analyst,All,Australia,https://www.levels.fyi/en-gb/t/business-analyst/locations/australia
Summary,Percentile,,25th,91,Business Analyst,All,Australia,https://www.levels.fyi/en-gb/t/business-analyst/locations/australia
Summary,Percentile,,75th,149000,Business Analyst,All,Australia,https://www.levels.fyi/en-gb/t/business-analyst/locations/australia
Summary,Percentile,,90th,157000,Business Analyst,All,Australia,https://www.levels.fyi/en-gb/t/business-analyst/locations/australia
Top Company,Ranking,1,McKinsey,114334,Business Analyst,All,Australia,https://www.levels.fyi/en-gb/t/business-analyst/locations/australia
Top Company,Ranking,2,NAB,108850,Business Analyst,All,Australia,https://www.levels.fyi/en-gb/t/business-analyst/locations/australia
Top Company,Ranking,3,Westpac,108613,Business Analyst,All,Australia,https://www.levels.fyi/en-gb/t/business-analyst/locations/australia
Top Location,Ranking,1,Brisbane,146761,Business Analyst,All,Australia,https://www.levels.fyi/en-gb/t/business-analyst/locations/australia
Top Location,Ranking,2,Melbourne,136903,Business Analyst,All,Australia,https://www.levels.fyi/en-gb/t/business-analyst/locations/australia
Top Location,Ranking,3,Sydney,107556,Business Analyst,All,Australia,https://www.levels.fyi/en-gb/t/business-analyst/locations/australia
Summary,Percentile,,Median,80002,Business Analyst,Entry-Level,Australia,https://www.levels.fyi/en-gb/t/business-analyst/levels/entry-level/locations/australia
Summary,Percentile,,25th,74,Business Analyst,Entry-Level,Australia,https://www.levels.fyi/en-gb/t/business-analyst/levels/entry-level/locations/australia
Summary,Percentile,,75th,94000,Business Analyst,Entry-Level,Australia,https://www.levels.fyi/en-gb/t/business-analyst/levels/entry-level/locations/australia
Summary,Percentile,,90th,109000,Business Analyst,Entry-Level,Australia,https://www.levels.fyi/en-gb/t/business-analyst/levels/entry-level/locations/australia
Top Company,Ranking,1,McKinsey,114334,Business Analyst,Entry-Level,Australia,https://www.levels.fyi/en-gb/t/business-analyst/levels/entry-level/locations/australia
Top Company,Ranking,2,NAB,108850,Business Analyst,Entry-Level,Australia,https://www.levels.fyi/en-gb/t/business-analyst/levels/entry-level/locations/australia
Top Company,Ranking,3,Westpac,108613,Business Analyst,Entry-Level,Australia,https://www.levels.fyi/en-gb/t/business-analyst/levels/entry-level/locations/australia
Top Location,Ranking,1,Brisbane,146761,Business Analyst,Entry-Level,Australia,https://www.levels.fyi/en-gb/t/business-analyst/levels/entry-level/locations/australia
Top Location,Ranking,2,Melbourne,136903,Business Analyst,Entry-Level,Australia,https://www.levels.fyi/en-gb/t/business-analyst/levels/entry-level/locations/australia
Top Location,Ranking,3,Sydney,107556,Business Analyst,Entry-Level,Australia,https://www.levels.fyi/en-gb/t/business-analyst/levels/entry-level/locations/australia
Summary,Percentile,,Median,150451,Business Analyst,Senior,Australia,https://www.levels.fyi/en-gb/t/business-analyst/levels/senior/locations/australia
Summary,Percentile,,25th,148000,Business Analyst,Senior,Australia,https://www.levels.fyi/en-gb/t/business-analyst/levels/senior/locations/australia
Summary,Percentile,,75th,155000,Business Analyst,Senior,Australia,https://www.levels.fyi/en-gb/t/business-analyst/levels/senior/locations/australia
Summary,Percentile,,90th,161000,Business Analyst,Senior,Australia,https://www.levels.fyi/en-gb/t/business-analyst/levels/senior/locations/australia
Top Company,Ranking,1,McKinsey,114334,Business Analyst,Senior,Australia,https://www.levels.fyi/en-gb/t/business-analyst/levels/senior/locations/australia
Top Company,Ranking,2,NAB,108850,Business Analyst,Senior,Australia,https://www.levels.fyi/en-gb/t/business-analyst/levels/senior/locations/australia
Top Company,Ranking,3,Westpac,108613,Business Analyst,Senior,Australia,https://www.levels.fyi/en-gb/t/business-analyst/levels/senior/locations/australia
Top Location,Ranking,1,Brisbane,146761,Business Analyst,Senior,Australia,https://www.levels.fyi/en-gb/t/business-analyst/levels/senior/locations/australia
Top Location,Ranking,2,Melbourne,136903,Business Analyst,Senior,Australia,https://www.levels.fyi/en-gb/t/business-analyst/levels/senior/locations/australia
Top Location,Ranking,3,Sydney,107556,Business Analyst,Senior,Australia,https://www.levels.fyi/en-gb/t/business-analyst/levels/senior/locations/australia
Summary,Percentile,,Median,137088,Customer Success,All,Australia,https://www.levels.fyi/en-gb/t/customer-success/locations/australia
Summary,Percentile,,25th,127000,Customer Success,All,Australia,https://www.levels.fyi/en-gb/t/customer-success/locations/australia
Summary,Percentile,,75th,183000,Customer Success,All,Australia,https://www.levels.fyi/en-gb/t/customer-success/locations/australia
Summary,Percentile,,90th,221000,Customer Success,All,Australia,https://www.levels.fyi/en-gb/t/customer-success/locations/australia
Summary,Percentile,,Median,183028,Customer Success,Senior,Australia,https://www.levels.fyi/en-gb/t/customer-success/levels/senior/locations/australia
Summary,Percentile,,25th,137000,Customer Success,Senior,Australia,https://www.levels.fyi/en-gb/t/customer-success/levels/senior/locations/australia
Summary,Percentile,,75th,291000,Customer Success,Senior,Australia,https://www.levels.fyi/en-gb/t/customer-success/levels/senior/locations/australia
Summary,Percentile,,90th,303000,Customer Success,Senior,Australia,https://www.levels.fyi/en-gb/t/customer-success/levels/senior/locations/australia
Summary,Percentile,,Median,138250,Ux Researcher,All,Australia,https://www.levels.fyi/en-gb/t/ux-researcher/locations/australia
Summary,Percentile,,25th,111000,Ux Researcher,All,Australia,https://www.levels.fyi/en-gb/t/ux-researcher/locations/australia
Summary,Percentile,,75th,242000,Ux Researcher,All,Australia,https://www.levels.fyi/en-gb/t/ux-researcher/locations/australia
Summary,Percentile,,90th,297000,Ux Researcher,All,Australia,https://www.levels.fyi/en-gb/t/ux-researcher/locations/australia
Summary,Percentile,,Median,217700,Ux Researcher,Senior,Australia,https://www.levels.fyi/en-gb/t/ux-researcher/levels/senior/locations/australia
Summary,Percentile,,25th,138000,Ux Researcher,Senior,Australia,https://www.levels.fyi/en-gb/t/ux-researcher/levels/senior/locations/australia
Summary,Percentile,,75th,297000,Ux Researcher,Senior,Australia,https://www.levels.fyi/en-gb/t/ux-researcher/levels/senior/locations/australia
Summary,Percentile,,90th,450000,Ux Researcher,Senior,Australia,https://www.levels.fyi/en-gb/t/ux-researcher/levels/senior/locations/australia
Summary,Percentile,,Median,281840,Partner Manager,All,Australia,https://www.levels.fyi/en-gb/t/partner-manager/locations/australia
Summary,Percentile,,25th,219000,Partner Manager,All,Australia,https://www.levels.fyi/en-gb/t/partner-manager/locations/australia
Summary,Percentile,,75th,299000,Partner Manager,All,Australia,https://www.levels.fyi/en-gb/t/partner-manager/locations/australia
Summary,Percentile,,90th,389000,Partner Manager,All,Australia,https://www.levels.fyi/en-gb/t/partner-manager/locations/australia
Summary,Percentile,,Median,295868,Partner Manager,Senior,Australia,https://www.levels.fyi/en-gb/t/partner-manager/levels/senior/locations/australia
Summary,Percentile,,Median,180508,Business Development,All,Australia,https://www.levels.fyi/en-gb/t/business-development/locations/australia
Summary,Percentile,,25th,124000,Business Development,All,Australia,https://www.levels.fyi/en-gb/t/business-development/locations/australia
Summary,Percentile,,75th,299000,Business Development,All,Australia,https://www.levels.fyi/en-gb/t/business-development/locations/australia
Summary,Percentile,,90th,376000,Business Development,All,Australia,https://www.levels.fyi/en-gb/t/business-development/locations/australia
Summary,Percentile,,Median,77114,Business Development,Entry-Level,Australia,https://www.levels.fyi/en-gb/t/business-development/levels/entry-level/locations/australia
Summary,Percentile,,Median,263866,Business Development,Senior,Australia,https://www.levels.fyi/en-gb/t/business-development/levels/senior/locations/australia
Summary,Percentile,,25th,162000,Business Development,Senior,Australia,https://www.levels.fyi/en-gb/t/business-development/levels/senior/locations/australia
Summary,Percentile,,75th,323000,Business Development,Senior,Australia,https://www.levels.fyi/en-gb/t/business-development/levels/senior/locations/australia
Summary,Percentile,,90th,376000,Business Development,Senior,Australia,https://www.levels.fyi/en-gb/t/business-development/levels/senior/locations/australia
Summary,Percentile,,Median,139663,Project Manager,All,Australia,https://www.levels.fyi/en-gb/t/project-manager/locations/australia
Summary,Percentile,,25th,116000,Project Manager,All,Australia,https://www.levels.fyi/en-gb/t/project-manager/locations/australia
Summary,Percentile,,75th,173000,Project Manager,All,Australia,https://www.levels.fyi/en-gb/t/project-manager/locations/australia
Summary,Percentile,,90th,193000,Project Manager,All,Australia,https://www.levels.fyi/en-gb/t/project-manager/locations/australia
Summary,Percentile,,Median,83983,Project Manager,Entry-Level,Australia,https://www.levels.fyi/en-gb/t/project-manager/levels/entry-level/locations/australia
Summary,Percentile,,Median,163739,Project Manager,Senior,Australia,https://www.levels.fyi/en-gb/t/project-manager/levels/senior/locations/australia
Summary,Percentile,,25th,137000,Project Manager,Senior,Australia,https://www.levels.fyi/en-gb/t/project-manager/levels/senior/locations/australia
Summary,Percentile,,75th,176000,Project Manager,Senior,Australia,https://www.levels.fyi/en-gb/t/project-manager/levels/senior/locations/australia
Summary,Percentile,,90th,193000,Project Manager,Senior,Australia,https://www.levels.fyi/en-gb/t/project-manager/levels/senior/locations/australia
Summary,Percentile,,Median,137057,Marketing Operations,All,Australia,https://www.levels.fyi/en-gb/t/marketing-operations/locations/australia
Summary,Percentile,,25th,106000,Marketing Operations,All,Australia,https://www.levels.fyi/en-gb/t/marketing-operations/locations/australia
Summary,Percentile,,75th,148000,Marketing Operations,All,Australia,https://www.levels.fyi/en-gb/t/marketing-operations/locations/australia
Summary,Percentile,,90th,168000,Marketing Operations,All,Australia,https://www.levels.fyi/en-gb/t/marketing-operations/locations/australia
Summary,Percentile,,Median,140278,Marketing Operations,Senior,Australia,https://www.levels.fyi/en-gb/t/marketing-operations/levels/senior/locations/australia
Summary,Percentile,,Median,200004,Program Manager,All,Australia,https://www.levels.fyi/en-gb/t/program-manager/locations/australia
Summary,Percentile,,25th,169000,Program Manager,All,Australia,https://www.levels.fyi/en-gb/t/program-manager/locations/australia
Summary,Percentile,,75th,235000,Program Manager,All,Australia,https://www.levels.fyi/en-gb/t/program-manager/locations/australia
Summary,Percentile,,90th,271000,Program Manager,All,Australia,https://www.levels.fyi/en-gb/t/program-manager/locations/australia
Top Company,Ranking,1,Sydney,219336,Program Manager,All,Australia,https://www.levels.fyi/en-gb/t/program-manager/locations/australia
Top Company,Ranking,2,Canberra,193018,Program Manager,All,Australia,https://www.levels.fyi/en-gb/t/program-manager/locations/australia
Top Company,Ranking,3,Melbourne,175802,Program Manager,All,Australia,https://www.levels.fyi/en-gb/t/program-manager/locations/australia
Summary,Percentile,,Median,201401,Program Manager,Senior,Australia,https://www.levels.fyi/en-gb/t/program-manager/levels/senior/locations/australia
Summary,Percentile,,25th,174000,Program Manager,Senior,Australia,https://www.levels.fyi/en-gb/t/program-manager/levels/senior/locations/australia
Summary,Percentile,,75th,240000,Program Manager,Senior,Australia,https://www.levels.fyi/en-gb/t/program-manager/levels/senior/locations/australia
Summary,Percentile,,90th,288000,Program Manager,Senior,Australia,https://www.levels.fyi/en-gb/t/program-manager/levels/senior/locations/australia
Top Company,Ranking,1,Sydney,219336,Program Manager,Senior,Australia,https://www.levels.fyi/en-gb/t/program-manager/levels/senior/locations/australia
Top Company,Ranking,2,Canberra,193018,Program Manager,Senior,Australia,https://www.levels.fyi/en-gb/t/program-manager/levels/senior/locations/australia
Top Company,Ranking,3,Melbourne,175802,Program Manager,Senior,Australia,https://www.levels.fyi/en-gb/t/program-manager/levels/senior/locations/australia
Summary,Percentile,,Median,92422,Hardware Engineer,All,Australia,https://www.levels.fyi/en-gb/t/hardware-engineer/locations/australia
Summary,Percentile,,25th,79,Hardware Engineer,All,Australia,https://www.levels.fyi/en-gb/t/hardware-engineer/locations/australia
Summary,Percentile,,75th,140000,Hardware Engineer,All,Australia,https://www.levels.fyi/en-gb/t/hardware-engineer/locations/australia
Summary,Percentile,,90th,173000,Hardware Engineer,All,Australia,https://www.levels.fyi/en-gb/t/hardware-engineer/locations/australia
Summary,Percentile,,Median,78161,Hardware Engineer,Entry-Level,Australia,https://www.levels.fyi/en-gb/t/hardware-engineer/levels/entry-level/locations/australia
Summary,Percentile,,Median,201407,Hardware Engineer,Senior,Australia,https://www.levels.fyi/en-gb/t/hardware-engineer/levels/senior/locations/australia
Summary,Percentile,,25th,140000,Hardware Engineer,Senior,Australia,https://www.levels.fyi/en-gb/t/hardware-engineer/levels/senior/locations/australia
Summary,Percentile,,75th,220000,Hardware Engineer,Senior,Australia,https://www.levels.fyi/en-gb/t/hardware-engineer/levels/senior/locations/australia
Summary,Percentile,,90th,467000,Hardware Engineer,Senior,Australia,https://www.levels.fyi/en-gb/t/hardware-engineer/levels/senior/locations/australia
Summary,Percentile,,Median,178810,Investment Banker,All,Australia,https://www.levels.fyi/en-gb/t/investment-banker/locations/australia
Summary,Percentile,,25th,109000,Investment Banker,All,Australia,https://www.levels.fyi/en-gb/t/investment-banker/locations/australia
Summary,Percentile,,75th,204000,Investment Banker,All,Australia,https://www.levels.fyi/en-gb/t/investment-banker/locations/australia
Summary,Percentile,,90th,213000,Investment Banker,All,Australia,https://www.levels.fyi/en-gb/t/investment-banker/locations/australia
Summary,Percentile,,Median,187946,Investment Banker,Entry-Level,Australia,https://www.levels.fyi/en-gb/t/investment-banker/levels/entry-level/locations/australia
Summary,Percentile,,Median,152328,People Ops,All,Australia,https://www.levels.fyi/en-gb/t/people-ops/locations/australia
Summary,Percentile,,25th,99,People Ops,All,Australia,https://www.levels.fyi/en-gb/t/people-ops/locations/australia
Summary,Percentile,,75th,175000,People Ops,All,Australia,https://www.levels.fyi/en-gb/t/people-ops/locations/australia
Summary,Percentile,,90th,276000,People Ops,All,Australia,https://www.levels.fyi/en-gb/t/people-ops/locations/australia
Summary,Percentile,,Median,164342,People Ops,Senior,Australia,https://www.levels.fyi/en-gb/t/people-ops/levels/senior/locations/australia
Summary,Percentile,,Median,139132,Human Resources,All,Australia,https://www.levels.fyi/en-gb/t/human-resources/locations/australia
Summary,Percentile,,25th,80,Human Resources,All,Australia,https://www.levels.fyi/en-gb/t/human-resources/locations/australia
Summary,Percentile,,75th,161000,Human Resources,All,Australia,https://www.levels.fyi/en-gb/t/human-resources/locations/australia
Summary,Percentile,,90th,168000,Human Resources,All,Australia,https://www.levels.fyi/en-gb/t/human-resources/locations/australia
Summary,Percentile,,Median,67480,Human Resources,Entry-Level,Australia,https://www.levels.fyi/en-gb/t/human-resources/levels/entry-level/locations/australia
Summary,Percentile,,Median,156719,Human Resources,Senior,Australia,https://www.levels.fyi/en-gb/t/human-resources/levels/senior/locations/australia
Summary,Percentile,,25th,139000,Human Resources,Senior,Australia,https://www.levels.fyi/en-gb/t/human-resources/levels/senior/locations/australia
Summary,Percentile,,75th,180000,Human Resources,Senior,Australia,https://www.levels.fyi/en-gb/t/human-resources/levels/senior/locations/australia
Summary,Percentile,,90th,229000,Human Resources,Senior,Australia,https://www.levels.fyi/en-gb/t/human-resources/levels/senior/locations/australia
Summary,Percentile,,Median,66913,Administrative Assistant,All,Australia,https://www.levels.fyi/en-gb/t/administrative-assistant/locations/australia
Summary,Percentile,,25th,61,Administrative Assistant,All,Australia,https://www.levels.fyi/en-gb/t/administrative-assistant/locations/australia
Summary,Percentile,,75th,83,Administrative Assistant,All,Australia,https://www.levels.fyi/en-gb/t/administrative-assistant/locations/australia
Summary,Percentile,,90th,101000,Administrative Assistant,All,Australia,https://www.levels.fyi/en-gb/t/administrative-assistant/locations/australia
Summary,Percentile,,Median,66913,Administrative Assistant,Entry-Level,Australia,https://www.levels.fyi/en-gb/t/administrative-assistant/levels/entry-level/locations/australia
Summary,Percentile,,25th,61,Administrative Assistant,Entry-Level,Australia,https://www.levels.fyi/en-gb/t/administrative-assistant/levels/entry-level/locations/australia
Summary,Percentile,,75th,74000,Administrative Assistant,Entry-Level,Australia,https://www.levels.fyi/en-gb/t/administrative-assistant/levels/entry-level/locations/australia
Summary,Percentile,,90th,108000,Administrative Assistant,Entry-Level,Australia,https://www.levels.fyi/en-gb/t/administrative-assistant/levels/entry-level/locations/australia
Summary,Percentile,,Median,101949,Administrative Assistant,Senior,Australia,https://www.levels.fyi/en-gb/t/administrative-assistant/levels/senior/locations/australia
Summary,Percentile,,Median,132620,Venture Capitalist,All,Australia,https://www.levels.fyi/en-gb/t/venture-capitalist/locations/australia
Summary,Percentile,,25th,116000,Venture Capitalist,All,Australia,https://www.levels.fyi/en-gb/t/venture-capitalist/locations/australia
Summary,Percentile,,75th,209000,Venture Capitalist,All,Australia,https://www.levels.fyi/en-gb/t/venture-capitalist/locations/australia
Summary,Percentile,,90th,233000,Venture Capitalist,All,Australia,https://www.levels.fyi/en-gb/t/venture-capitalist/locations/australia
Summary,Percentile,,Median,99271,Accountant,All,Australia,https://www.levels.fyi/en-gb/t/accountant/locations/australia
Summary,Percentile,,25th,70,Accountant,All,Australia,https://www.levels.fyi/en-gb/t/accountant/locations/australia
Summary,Percentile,,75th,120000,Accountant,All,Australia,https://www.levels.fyi/en-gb/t/accountant/locations/australia
Summary,Percentile,,90th,163000,Accountant,All,Australia,https://www.levels.fyi/en-gb/t/accountant/locations/australia
Top Company,Ranking,1,Melbourne,99896,Accountant,All,Australia,https://www.levels.fyi/en-gb/t/accountant/locations/australia
Top Company,Ranking,2,Brisbane,79312,Accountant,All,Australia,https://www.levels.fyi/en-gb/t/accountant/locations/australia
Top Company,Ranking,3,Sydney,74967,Accountant,All,Australia,https://www.levels.fyi/en-gb/t/accountant/locations/australia
Summary,Percentile,,Median,64384,Accountant,Entry-Level,Australia,https://www.levels.fyi/en-gb/t/accountant/levels/entry-level/locations/australia
Summary,Percentile,,25th,64,Accountant,Entry-Level,Australia,https://www.levels.fyi/en-gb/t/accountant/levels/entry-level/locations/australia
Summary,Percentile,,75th,69,Accountant,Entry-Level,Australia,https://www.levels.fyi/en-gb/t/accountant/levels/entry-level/locations/australia
Summary,Percentile,,90th,99,Accountant,Entry-Level,Australia,https://www.levels.fyi/en-gb/t/accountant/levels/entry-level/locations/australia
Top Company,Ranking,1,Melbourne,99896,Accountant,Entry-Level,Australia,https://www.levels.fyi/en-gb/t/accountant/levels/entry-level/locations/australia
Top Company,Ranking,2,Brisbane,79312,Accountant,Entry-Level,Australia,https://www.levels.fyi/en-gb/t/accountant/levels/entry-level/locations/australia
Top Company,Ranking,3,Sydney,74967,Accountant,Entry-Level,Australia,https://www.levels.fyi/en-gb/t/accountant/levels/entry-level/locations/australia
Summary,Percentile,,Median,117564,Accountant,Senior,Australia,https://www.levels.fyi/en-gb/t/accountant/levels/senior/locations/australia
Summary,Percentile,,25th,107000,Accountant,Senior,Australia,https://www.levels.fyi/en-gb/t/accountant/levels/senior/locations/australia
Summary,Percentile,,75th,154000,Accountant,Senior,Australia,https://www.levels.fyi/en-gb/t/accountant/levels/senior/locations/australia
Summary,Percentile,,90th,164000,Accountant,Senior,Australia,https://www.levels.fyi/en-gb/t/accountant/levels/senior/locations/australia
Top Company,Ranking,1,Melbourne,99896,Accountant,Senior,Australia,https://www.levels.fyi/en-gb/t/accountant/levels/senior/locations/australia
Top Company,Ranking,2,Brisbane,79312,Accountant,Senior,Australia,https://www.levels.fyi/en-gb/t/accountant/levels/senior/locations/australia
Top Company,Ranking,3,Sydney,74967,Accountant,Senior,Australia,https://www.levels.fyi/en-gb/t/accountant/levels/senior/locations/australia
Summary,Percentile,,Median,135110,Data Scientist,All,Australia,https://www.levels.fyi/en-gb/t/data-scientist/locations/australia
Summary,Percentile,,25th,98,Data Scientist,All,Australia,https://www.levels.fyi/en-gb/t/data-scientist/locations/australia
Summary,Percentile,,75th,166000,Data Scientist,All,Australia,https://www.levels.fyi/en-gb/t/data-scientist/locations/australia
Summary,Percentile,,90th,200000,Data Scientist,All,Australia,https://www.levels.fyi/en-gb/t/data-scientist/locations/australia
Top Company,Ranking,1,Atlassian,283875,Data Scientist,All,Australia,https://www.levels.fyi/en-gb/t/data-scientist/locations/australia
Top Company,Ranking,2,Canva,166267,Data Scientist,All,Australia,https://www.levels.fyi/en-gb/t/data-scientist/locations/australia
Top Company,Ranking,3,Macquarie Group,161043,Data Scientist,All,Australia,https://www.levels.fyi/en-gb/t/data-scientist/locations/australia
Top Location,Ranking,1,Sydney,138607,Data Scientist,All,Australia,https://www.levels.fyi/en-gb/t/data-scientist/locations/australia
Top Location,Ranking,2,Melbourne,135110,Data Scientist,All,Australia,https://www.levels.fyi/en-gb/t/data-scientist/locations/australia
Top Location,Ranking,3,Perth,124761,Data Scientist,All,Australia,https://www.levels.fyi/en-gb/t/data-scientist/locations/australia
Summary,Percentile,,Median,89971,Data Scientist,Entry-Level,Australia,https://www.levels.fyi/en-gb/t/data-scientist/levels/entry-level/locations/australia
Summary,Percentile,,25th,80,Data Scientist,Entry-Level,Australia,https://www.levels.fyi/en-gb/t/data-scientist/levels/entry-level/locations/australia
Summary,Percentile,,75th,96,Data Scientist,Entry-Level,Australia,https://www.levels.fyi/en-gb/t/data-scientist/levels/entry-level/locations/australia
Summary,Percentile,,90th,122000,Data Scientist,Entry-Level,Australia,https://www.levels.fyi/en-gb/t/data-scientist/levels/entry-level/locations/australia
Top Company,Ranking,1,Atlassian,283875,Data Scientist,Entry-Level,Australia,https://www.levels.fyi/en-gb/t/data-scientist/levels/entry-level/locations/australia
Top Company,Ranking,2,Canva,166267,Data Scientist,Entry-Level,Australia,https://www.levels.fyi/en-gb/t/data-scientist/levels/entry-level/locations/australia
Top Company,Ranking,3,Macquarie Group,161043,Data Scientist,Entry-Level,Australia,https://www.levels.fyi/en-gb/t/data-scientist/levels/entry-level/locations/australia
Top Location,Ranking,1,Sydney,138607,Data Scientist,Entry-Level,Australia,https://www.levels.fyi/en-gb/t/data-scientist/levels/entry-level/locations/australia
Top Location,Ranking,2,Melbourne,135110,Data Scientist,Entry-Level,Australia,https://www.levels.fyi/en-gb/t/data-scientist/levels/entry-level/locations/australia
Top Location,Ranking,3,Perth,124761,Data Scientist,Entry-Level,Australia,https://www.levels.fyi/en-gb/t/data-scientist/levels/entry-level/locations/australia
Summary,Percentile,,Median,172829,Data Scientist,Senior,Australia,https://www.levels.fyi/en-gb/t/data-scientist/levels/senior/locations/australia
Summary,Percentile,,25th,149000,Data Scientist,Senior,Australia,https://www.levels.fyi/en-gb/t/data-scientist/levels/senior/locations/australia
Summary,Percentile,,75th,210000,Data Scientist,Senior,Australia,https://www.levels.fyi/en-gb/t/data-scientist/levels/senior/locations/australia
Summary,Percentile,,90th,297000,Data Scientist,Senior,Australia,https://www.levels.fyi/en-gb/t/data-scientist/levels/senior/locations/australia
Top Company,Ranking,1,Atlassian,283875,Data Scientist,Senior,Australia,https://www.levels.fyi/en-gb/t/data-scientist/levels/senior/locations/australia
Top Company,Ranking,2,Canva,166267,Data Scientist,Senior,Australia,https://www.levels.fyi/en-gb/t/data-scientist/levels/senior/locations/australia
Top Company,Ranking,3,Macquarie Group,161043,Data Scientist,Senior,Australia,https://www.levels.fyi/en-gb/t/data-scientist/levels/senior/locations/australia
Top Location,Ranking,1,Sydney,138607,Data Scientist,Senior,Australia,https://www.levels.fyi/en-gb/t/data-scientist/levels/senior/locations/australia
Top Location,Ranking,2,Melbourne,135110,Data Scientist,Senior,Australia,https://www.levels.fyi/en-gb/t/data-scientist/levels/senior/locations/australia
Top Location,Ranking,3,Perth,124761,Data Scientist,Senior,Australia,https://www.levels.fyi/en-gb/t/data-scientist/levels/senior/locations/australia
Summary,Percentile,,Median,192972,Sales Engineer,All,Australia,https://www.levels.fyi/en-gb/t/sales-engineer/locations/australia
Summary,Percentile,,25th,144000,Sales Engineer,All,Australia,https://www.levels.fyi/en-gb/t/sales-engineer/locations/australia
Summary,Percentile,,75th,232000,Sales Engineer,All,Australia,https://www.levels.fyi/en-gb/t/sales-engineer/locations/australia
Summary,Percentile,,90th,321000,Sales Engineer,All,Australia,https://www.levels.fyi/en-gb/t/sales-engineer/locations/australia
Summary,Percentile,,Median,127857,Sales Engineer,Entry-Level,Australia,https://www.levels.fyi/en-gb/t/sales-engineer/levels/entry-level/locations/australia
Summary,Percentile,,Median,230148,Sales Engineer,Senior,Australia,https://www.levels.fyi/en-gb/t/sales-engineer/levels/senior/locations/australia
Summary,Percentile,,25th,174000,Sales Engineer,Senior,Australia,https://www.levels.fyi/en-gb/t/sales-engineer/levels/senior/locations/australia
Summary,Percentile,,75th,263000,Sales Engineer,Senior,Australia,https://www.levels.fyi/en-gb/t/sales-engineer/levels/senior/locations/australia
Summary,Percentile,,90th,358000,Sales Engineer,Senior,Australia,https://www.levels.fyi/en-gb/t/sales-engineer/levels/senior/locations/australia
Summary,Percentile,,Median,90147,Customer Service Ops,All,Australia,https://www.levels.fyi/en-gb/t/customer-service-ops/locations/australia
Summary,Percentile,,Median,122161,Graphic Designer,All,Australia,https://www.levels.fyi/en-gb/t/graphic-designer/locations/australia
Summary,Percentile,,25th,96,Graphic Designer,All,Australia,https://www.levels.fyi/en-gb/t/graphic-designer/locations/australia
Summary,Percentile,,75th,152000,Graphic Designer,All,Australia,https://www.levels.fyi/en-gb/t/graphic-designer/locations/australia
Summary,Percentile,,90th,163000,Graphic Designer,All,Australia,https://www.levels.fyi/en-gb/t/graphic-designer/locations/australia
Summary,Percentile,,Median,153500,Graphic Designer,Senior,Australia,https://www.levels.fyi/en-gb/t/graphic-designer/levels/senior/locations/australia
Summary,Percentile,,Median,221090,Tam,All,Australia,https://www.levels.fyi/en-gb/t/tam/locations/australia
Summary,Percentile,,Median,248800,Tam,Senior,Australia,https://www.levels.fyi/en-gb/t/tam/levels/senior/locations/australia
Summary,Percentile,,Median,135774,Security Analyst,All,Australia,https://www.levels.fyi/en-gb/t/security-analyst/locations/australia
Summary,Percentile,,25th,94,Security Analyst,All,Australia,https://www.levels.fyi/en-gb/t/security-analyst/locations/australia
Summary,Percentile,,75th,171000,Security Analyst,All,Australia,https://www.levels.fyi/en-gb/t/security-analyst/locations/australia
Summary,Percentile,,90th,237000,Security Analyst,All,Australia,https://www.levels.fyi/en-gb/t/security-analyst/locations/australia
Top Company,Ranking,1,Amazon,330645,Security Analyst,All,Australia,https://www.levels.fyi/en-gb/t/security-analyst/locations/australia
Top Company,Ranking,2,Block,271738,Security Analyst,All,Australia,https://www.levels.fyi/en-gb/t/security-analyst/locations/australia
Top Company,Ranking,3,Atlassian,220252,Security Analyst,All,Australia,https://www.levels.fyi/en-gb/t/security-analyst/locations/australia
Top Location,Ranking,1,Brisbane,163309,Security Analyst,All,Australia,https://www.levels.fyi/en-gb/t/security-analyst/locations/australia
Top Location,Ranking,2,Melbourne,160725,Security Analyst,All,Australia,https://www.levels.fyi/en-gb/t/security-analyst/locations/australia
Top Location,Ranking,3,Sydney,134264,Security Analyst,All,Australia,https://www.levels.fyi/en-gb/t/security-analyst/locations/australia
Summary,Percentile,,Median,76971,Security Analyst,Entry-Level,Australia,https://www.levels.fyi/en-gb/t/security-analyst/levels/entry-level/locations/australia
Summary,Percentile,,25th,66,Security Analyst,Entry-Level,Australia,https://www.levels.fyi/en-gb/t/security-analyst/levels/entry-level/locations/australia
Summary,Percentile,,75th,82,Security Analyst,Entry-Level,Australia,https://www.levels.fyi/en-gb/t/security-analyst/levels/entry-level/locations/australia
Summary,Percentile,,90th,106000,Security Analyst,Entry-Level,Australia,https://www.levels.fyi/en-gb/t/security-analyst/levels/entry-level/locations/australia
Top Company,Ranking,1,Amazon,330645,Security Analyst,Entry-Level,Australia,https://www.levels.fyi/en-gb/t/security-analyst/levels/entry-level/locations/australia
Top Company,Ranking,2,Block,271738,Security Analyst,Entry-Level,Australia,https://www.levels.fyi/en-gb/t/security-analyst/levels/entry-level/locations/australia
Top Company,Ranking,3,Atlassian,220252,Security Analyst,Entry-Level,Australia,https://www.levels.fyi/en-gb/t/security-analyst/levels/entry-level/locations/australia
Top Location,Ranking,1,Brisbane,163309,Security Analyst,Entry-Level,Australia,https://www.levels.fyi/en-gb/t/security-analyst/levels/entry-level/locations/australia
Top Location,Ranking,2,Melbourne,160725,Security Analyst,Entry-Level,Australia,https://www.levels.fyi/en-gb/t/security-analyst/levels/entry-level/locations/australia
Top Location,Ranking,3,Sydney,134264,Security Analyst,Entry-Level,Australia,https://www.levels.fyi/en-gb/t/security-analyst/levels/entry-level/locations/australia
Summary,Percentile,,Median,171284,Security Analyst,Senior,Australia,https://www.levels.fyi/en-gb/t/security-analyst/levels/senior/locations/australia
Summary,Percentile,,25th,161000,Security Analyst,Senior,Australia,https://www.levels.fyi/en-gb/t/security-analyst/levels/senior/locations/australia
Summary,Percentile,,75th,223000,Security Analyst,Senior,Australia,https://www.levels.fyi/en-gb/t/security-analyst/levels/senior/locations/australia
Summary,Percentile,,90th,357000,Security Analyst,Senior,Australia,https://www.levels.fyi/en-gb/t/security-analyst/levels/senior/locations/australia
Top Company,Ranking,1,Amazon,330645,Security Analyst,Senior,Australia,https://www.levels.fyi/en-gb/t/security-analyst/levels/senior/locations/australia
Top Company,Ranking,2,Block,271738,Security Analyst,Senior,Australia,https://www.levels.fyi/en-gb/t/security-analyst/levels/senior/locations/australia
Top Company,Ranking,3,Atlassian,220252,Security Analyst,Senior,Australia,https://www.levels.fyi/en-gb/t/security-analyst/levels/senior/locations/australia
Top Location,Ranking,1,Brisbane,163309,Security Analyst,Senior,Australia,https://www.levels.fyi/en-gb/t/security-analyst/levels/senior/locations/australia
Top Location,Ranking,2,Melbourne,160725,Security Analyst,Senior,Australia,https://www.levels.fyi/en-gb/t/security-analyst/levels/senior/locations/australia
Top Location,Ranking,3,Sydney,134264,Security Analyst,Senior,Australia,https://www.levels.fyi/en-gb/t/security-analyst/levels/senior/locations/australia
Summary,Percentile,,Median,147292,Controls Engineer,All,Australia,https://www.levels.fyi/en-gb/t/controls-engineer/locations/australia
Summary,Percentile,,Median,145070,Legal,All,Australia,https://www.levels.fyi/en-gb/t/legal/locations/australia
Summary,Percentile,,25th,96,Legal,All,Australia,https://www.levels.fyi/en-gb/t/legal/locations/australia
Summary,Percentile,,75th,208000,Legal,All,Australia,https://www.levels.fyi/en-gb/t/legal/locations/australia
Summary,Percentile,,90th,242000,Legal,All,Australia,https://www.levels.fyi/en-gb/t/legal/locations/australia
Summary,Percentile,,Median,115436,Management Consultant,All,Australia,https://www.levels.fyi/en-gb/t/management-consultant/locations/australia
Summary,Percentile,,25th,90,Management Consultant,All,Australia,https://www.levels.fyi/en-gb/t/management-consultant/locations/australia
Summary,Percentile,,75th,157000,Management Consultant,All,Australia,https://www.levels.fyi/en-gb/t/management-consultant/locations/australia
Summary,Percentile,,90th,184000,Management Consultant,All,Australia,https://www.levels.fyi/en-gb/t/management-consultant/locations/australia
Top Company,Ranking,1,Deloitte,121178,Management Consultant,All,Australia,https://www.levels.fyi/en-gb/t/management-consultant/locations/australia
Top Company,Ranking,2,Accenture,115436,Management Consultant,All,Australia,https://www.levels.fyi/en-gb/t/management-consultant/locations/australia
Top Company,Ranking,3,Simon-Kucher,111898,Management Consultant,All,Australia,https://www.levels.fyi/en-gb/t/management-consultant/locations/australia
Top Location,Ranking,1,Brisbane,132276,Management Consultant,All,Australia,https://www.levels.fyi/en-gb/t/management-consultant/locations/australia
Top Location,Ranking,2,Sydney,126227,Management Consultant,All,Australia,https://www.levels.fyi/en-gb/t/management-consultant/locations/australia
Top Location,Ranking,3,Canberra,116900,Management Consultant,All,Australia,https://www.levels.fyi/en-gb/t/management-consultant/locations/australia
Summary,Percentile,,Median,77769,Management Consultant,Entry-Level,Australia,https://www.levels.fyi/en-gb/t/management-consultant/levels/entry-level/locations/australia
Summary,Percentile,,25th,70000,Management Consultant,Entry-Level,Australia,https://www.levels.fyi/en-gb/t/management-consultant/levels/entry-level/locations/australia
Summary,Percentile,,75th,95,Management Consultant,Entry-Level,Australia,https://www.levels.fyi/en-gb/t/management-consultant/levels/entry-level/locations/australia
Summary,Percentile,,90th,101000,Management Consultant,Entry-Level,Australia,https://www.levels.fyi/en-gb/t/management-consultant/levels/entry-level/locations/australia
Top Company,Ranking,1,Deloitte,121178,Management Consultant,Entry-Level,Australia,https://www.levels.fyi/en-gb/t/management-consultant/levels/entry-level/locations/australia
Top Company,Ranking,2,Accenture,115436,Management Consultant,Entry-Level,Australia,https://www.levels.fyi/en-gb/t/management-consultant/levels/entry-level/locations/australia
Top Company,Ranking,3,Simon-Kucher,111898,Management Consultant,Entry-Level,Australia,https://www.levels.fyi/en-gb/t/management-consultant/levels/entry-level/locations/australia
Top Location,Ranking,1,Brisbane,132276,Management Consultant,Entry-Level,Australia,https://www.levels.fyi/en-gb/t/management-consultant/levels/entry-level/locations/australia
Top Location,Ranking,2,Sydney,126227,Management Consultant,Entry-Level,Australia,https://www.levels.fyi/en-gb/t/management-consultant/levels/entry-level/locations/australia
Top Location,Ranking,3,Canberra,116900,Management Consultant,Entry-Level,Australia,https://www.levels.fyi/en-gb/t/management-consultant/levels/entry-level/locations/australia
Summary,Percentile,,Median,157684,Management Consultant,Senior,Australia,https://www.levels.fyi/en-gb/t/management-consultant/levels/senior/locations/australia
Summary,Percentile,,25th,145000,Management Consultant,Senior,Australia,https://www.levels.fyi/en-gb/t/management-consultant/levels/senior/locations/australia
Summary,Percentile,,75th,194000,Management Consultant,Senior,Australia,https://www.levels.fyi/en-gb/t/management-consultant/levels/senior/locations/australia
Summary,Percentile,,90th,237000,Management Consultant,Senior,Australia,https://www.levels.fyi/en-gb/t/management-consultant/levels/senior/locations/australia
Top Company,Ranking,1,Deloitte,121178,Management Consultant,Senior,Australia,https://www.levels.fyi/en-gb/t/management-consultant/levels/senior/locations/australia
Top Company,Ranking,2,Accenture,115436,Management Consultant,Senior,Australia,https://www.levels.fyi/en-gb/t/management-consultant/levels/senior/locations/australia
Top Company,Ranking,3,Simon-Kucher,111898,Management Consultant,Senior,Australia,https://www.levels.fyi/en-gb/t/management-consultant/levels/senior/locations/australia
Top Location,Ranking,1,Brisbane,132276,Management Consultant,Senior,Australia,https://www.levels.fyi/en-gb/t/management-consultant/levels/senior/locations/australia
Top Location,Ranking,2,Sydney,126227,Management Consultant,Senior,Australia,https://www.levels.fyi/en-gb/t/management-consultant/levels/senior/locations/australia
Top Location,Ranking,3,Canberra,116900,Management Consultant,Senior,Australia,https://www.levels.fyi/en-gb/t/management-consultant/levels/senior/locations/australia
